Marker,Month,Year,Creek,Station,Replicate,Samplename,Qubit.ng.ul
MiFish,1,2022,1Prt,Dn,1,MiFish.0122.1Prt.Dn.1,1.29
MiFish,1,2022,1Prt,Dn,2,MiFish.0122.1Prt.Dn.2,1.32
MiFish,1,2022,1Prt,Dn,3,MiFish.0122.1Prt.Dn.3,0.851
MiFish,1,2022,1Prt,Dn,3.TR2,MiFish.0122.1Prt.Dn.3.TR2,1.69
MiFish,1,2022,1Prt,Dn,3.TR3,MiFish.0122.1Prt.Dn.3.TR3,2.27
MiFish,1,2022,1Prt,Up,1,MiFish.0122.1Prt.Up.1,0.784
MiFish,1,2022,1Prt,Up,2,MiFish.0122.1Prt.Up.2,0.943
MiFish,1,2022,1Prt,Up,3,MiFish.0122.1Prt.Up.3,1.11
MiFish,1,2022,2Brn,Dn,1,MiFish.0122.2Brn.Dn.1,0.357
MiFish,1,2022,2Brn,Dn,2,MiFish.0122.2Brn.Dn.2,1.13
MiFish,1,2022,2Brn,Dn,3,MiFish.0122.2Brn.Dn.3,0.879
MiFish,1,2022,2Brn,Up,1,MiFish.0122.2Brn.Up.1,1.45
MiFish,1,2022,2Brn,Up,2,MiFish.0122.2Brn.Up.2,0.508
MiFish,1,2022,2Brn,Up,3,MiFish.0122.2Brn.Up.3,0.782
MiFish,1,2022,3Chk,Dn,1,MiFish.0122.3Chk.Dn.1,0.357
MiFish,1,2022,3Chk,Dn,2,MiFish.0122.3Chk.Dn.2,0.301
MiFish,1,2022,3Chk,Dn,3,MiFish.0122.3Chk.Dn.3,1.06
MiFish,1,2022,3Chk,Up,1,MiFish.0122.3Chk.Up.1,0.406
MiFish,1,2022,3Chk,Up,2,MiFish.0122.3Chk.Up.2,0.401
MiFish,1,2022,3Chk,Up,3,MiFish.0122.3Chk.Up.3,0.591
MiFish,1,2022,4Pad,Dn,1,MiFish.0122.4Pad.Dn.1,0.593
MiFish,1,2022,4Pad,Dn,2,MiFish.0122.4Pad.Dn.2,0.449
MiFish,1,2022,4Pad,Dn,3,MiFish.0122.4Pad.Dn.3,5.75
MiFish,1,2022,4Pad,Up11,1,MiFish.0122.4Pad.Up11.1,4.62
MiFish,1,2022,4Pad,Up11,2,MiFish.0122.4Pad.Up11.2,5.82
MiFish,1,2022,4Pad,Up11,3,MiFish.0122.4Pad.Up11.3,5.79
MiFish,1,2022,4Pad,Up5,1,MiFish.0122.4Pad.Up5.1,1.99
MiFish,1,2022,4Pad,Up5,2,MiFish.0122.4Pad.Up5.2,2.57
MiFish,1,2022,4Pad,Up5,3,MiFish.0122.4Pad.Up5.3,1.13
MiFish,1,2022,5Sqm,Dn,1,MiFish.0122.5Sqm.Dn.1,0.678
MiFish,1,2022,5Sqm,Dn,2,MiFish.0122.5Sqm.Dn.2,0.397
MiFish,1,2022,5Sqm,Dn,3,MiFish.0122.5Sqm.Dn.3,0.44
MiFish,1,2022,5Sqm,Up,1,MiFish.0122.5Sqm.Up.1,0.762
MiFish,1,2022,5Sqm,Up,2,MiFish.0122.5Sqm.Up.2,0.379
MiFish,1,2022,5Sqm,Up,3,MiFish.0122.5Sqm.Up.3,0
MiFish,1,2022,Kangaroo,,,MiFish.0122.Kangaroo,40.2
COI,1,2022,1Prt,Dn,1,COI.0122.1Prt.Dn.1,8.18
COI,1,2022,1Prt,Dn,2,COI.0122.1Prt.Dn.2,8.36
COI,1,2022,1Prt,Dn,3,COI.0122.1Prt.Dn.3,7.19
COI,1,2022,1Prt,Up,1,COI.0122.1Prt.Up.1,13.8
COI,1,2022,1Prt,Up,2,COI.0122.1Prt.Up.2,9.82
COI,1,2022,1Prt,Up,3,COI.0122.1Prt.Up.3,10.9
COI,1,2022,2Brn,Dn,1,COI.0122.2Brn.Dn.1,0.823
COI,1,2022,2Brn,Dn,2,COI.0122.2Brn.Dn.2,1.14
COI,1,2022,2Brn,Dn,3,COI.0122.2Brn.Dn.3,11.8
COI,1,2022,2Brn,Up,1,COI.0122.2Brn.Up.1,10.5
COI,1,2022,2Brn,Up,2,COI.0122.2Brn.Up.2,9.55
COI,1,2022,2Brn,Up,3,COI.0122.2Brn.Up.3,9.66
COI,1,2022,3Chk,Dn,1,COI.0122.3Chk.Dn.1,2.93
COI,1,2022,3Chk,Dn,2,COI.0122.3Chk.Dn.2,2.55
COI,1,2022,3Chk,Dn,3,COI.0122.3Chk.Dn.3,3.46
COI,1,2022,3Chk,Up,1,COI.0122.3Chk.Up.1,0.988
COI,1,2022,3Chk,Up,2,COI.0122.3Chk.Up.2,3.03
COI,1,2022,3Chk,Up,3,COI.0122.3Chk.Up.3,2.91
COI,1,2022,4Pad,Dn,1,COI.0122.4Pad.Dn.1,7.82
COI,1,2022,4Pad,Dn,2,COI.0122.4Pad.Dn.2,7.23
COI,1,2022,4Pad,Dn,3,COI.0122.4Pad.Dn.3,6.22
COI,1,2022,4Pad,Dn,3.TR2,COI.0122.4Pad.Dn.3.TR2,3.66
COI,1,2022,4Pad,Dn,3.TR3,COI.0122.4Pad.Dn.3.TR3,3.66
COI,1,2022,4Pad,Up11,1,COI.0122.4Pad.Up11.1,7.28
COI,1,2022,4Pad,Up11,2,COI.0122.4Pad.Up11.2,6.49
COI,1,2022,4Pad,Up11,3,COI.0122.4Pad.Up11.3,5.97
COI,1,2022,4Pad,Up5,1,COI.0122.4Pad.Up5.1,1.71
COI,1,2022,4Pad,Up5,2,COI.0122.4Pad.Up5.2,2.02
COI,1,2022,4Pad,Up5,3,COI.0122.4Pad.Up5.3,1.72
COI,1,2022,5Sqm,Dn,1,COI.0122.5Sqm.Dn.1,6.12
COI,1,2022,5Sqm,Dn,2,COI.0122.5Sqm.Dn.2,1.64
COI,1,2022,5Sqm,Dn,3,COI.0122.5Sqm.Dn.3,0.454
COI,1,2022,5Sqm,Up,1,COI.0122.5Sqm.Up.1,12.2
COI,1,2022,5Sqm,Up,2,COI.0122.5Sqm.Up.2,12.6
COI,1,2022,5Sqm,Up,3,COI.0122.5Sqm.Up.3,10.6
COI,1,2022,Kangaroo,,,COI.0122.Kangaroo,18.1
MiFish,2,2022,1Prt,Dn,1,MiFish.0222.1Prt.Dn.1,2.32
MiFish,2,2022,1Prt,Dn,2,MiFish.0222.1Prt.Dn.2,2.35
MiFish,2,2022,1Prt,Dn,3,MiFish.0222.1Prt.Dn.3,2.07
MiFish,2,2022,1Prt,Up,1,MiFish.0222.1Prt.Up.1,3.14
MiFish,2,2022,1Prt,Up,2,MiFish.0222.1Prt.Up.2,3.63
MiFish,2,2022,1Prt,Up,3,MiFish.0222.1Prt.Up.3,2.46
MiFish,2,2022,2Brn,Dn,1,MiFish.0222.2Brn.Dn.1,1.97
MiFish,2,2022,2Brn,Dn,2,MiFish.0222.2Brn.Dn.2,2.62
MiFish,2,2022,2Brn,Dn,3,MiFish.0222.2Brn.Dn.3,1.43
MiFish,2,2022,2Brn,Up,1,MiFish.0222.2Brn.Up.1,0.925
MiFish,2,2022,2Brn,Up,2,MiFish.0222.2Brn.Up.2,1.31
MiFish,2,2022,2Brn,Up,3,MiFish.0222.2Brn.Up.3,3.57
MiFish,2,2022,3Chk,Dn,1,MiFish.0222.3Chk.Dn.1,1.06
MiFish,2,2022,3Chk,Dn,2,MiFish.0222.3Chk.Dn.2,1.3
MiFish,2,2022,3Chk,Dn,3,MiFish.0222.3Chk.Dn.3,0.896
MiFish,2,2022,3Chk,Up,1,MiFish.0222.3Chk.Up.1,1.92
MiFish,2,2022,3Chk,Up,2,MiFish.0222.3Chk.Up.2,1.28
MiFish,2,2022,3Chk,Up,3,MiFish.0222.3Chk.Up.3,0.887
MiFish,2,2022,4Pad,Dn,1,MiFish.0222.4Pad.Dn.1,5.73
MiFish,2,2022,4Pad,Dn,2,MiFish.0222.4Pad.Dn.2,7.33
MiFish,2,2022,4Pad,Dn,3,MiFish.0222.4Pad.Dn.3,7.48
MiFish,2,2022,4Pad,Up11,1,MiFish.0222.4Pad.Up11.1,3.89
MiFish,2,2022,4Pad,Up11,1.TR2,MiFish.0222.4Pad.Up11.1.TR2,3.09
MiFish,2,2022,4Pad,Up11,1.TR3,MiFish.0222.4Pad.Up11.1.TR3,3.63
MiFish,2,2022,4Pad,Up11,2,MiFish.0222.4Pad.Up11.2,6.89
MiFish,2,2022,4Pad,Up11,3,MiFish.0222.4Pad.Up11.3,5.75
MiFish,2,2022,4Pad,Up5,1,MiFish.0222.4Pad.Up5.1,1.55
MiFish,2,2022,4Pad,Up5,2,MiFish.0222.4Pad.Up5.2,2.59
MiFish,2,2022,4Pad,Up5,3,MiFish.0222.4Pad.Up5.3,2.08
MiFish,2,2022,5Sqm,Dn,1,MiFish.0222.5Sqm.Dn.1,1.35
MiFish,2,2022,5Sqm,Dn,2,MiFish.0222.5Sqm.Dn.2,0.92
MiFish,2,2022,5Sqm,Dn,3,MiFish.0222.5Sqm.Dn.3,1.47
MiFish,2,2022,5Sqm,Up,1,MiFish.0222.5Sqm.Up.1,1.12
MiFish,2,2022,5Sqm,Up,2,MiFish.0222.5Sqm.Up.2,0.968
MiFish,2,2022,5Sqm,Up,3,MiFish.0222.5Sqm.Up.3,1.1
MiFish,2,2022,Kangaroo,,,MiFish.0222.Kangaroo,25.1
COI,2,2022,1Prt,Dn,1,COI.0222.1Prt.Dn.1,6.62
COI,2,2022,1Prt,Dn,2,COI.0222.1Prt.Dn.2,5.87
COI,2,2022,1Prt,Dn,3,COI.0222.1Prt.Dn.3,5.69
COI,2,2022,1Prt,Up,1,COI.0222.1Prt.Up.1,4.17
COI,2,2022,1Prt,Up,2,COI.0222.1Prt.Up.2,4.87
COI,2,2022,1Prt,Up,3,COI.0222.1Prt.Up.3,2.76
COI,2,2022,2Brn,Dn,1,COI.0222.2Brn.Dn.1,13.2
COI,2,2022,2Brn,Dn,2,COI.0222.2Brn.Dn.2,12.6
COI,2,2022,2Brn,Dn,3,COI.0222.2Brn.Dn.3,13.7
COI,2,2022,2Brn,Up,1,COI.0222.2Brn.Up.1,10.3
COI,2,2022,2Brn,Up,2,COI.0222.2Brn.Up.2,10.2
COI,2,2022,2Brn,Up,3,COI.0222.2Brn.Up.3,10.6
COI,2,2022,2Brn,Up,3.TR2,COI.0222.2Brn.Up.3.TR2,10.8
COI,2,2022,2Brn,Up,3.TR3,COI.0222.2Brn.Up.3.TR3,9.96
COI,2,2022,3Chk,Dn,1,COI.0222.3Chk.Dn.1,10.2
COI,2,2022,3Chk,Dn,2,COI.0222.3Chk.Dn.2,1.21
COI,2,2022,3Chk,Dn,3,COI.0222.3Chk.Dn.3,7.62
COI,2,2022,3Chk,Up,1,COI.0222.3Chk.Up.1,10.1
COI,2,2022,3Chk,Up,2,COI.0222.3Chk.Up.2,11.4
COI,2,2022,3Chk,Up,3,COI.0222.3Chk.Up.3,12.2
COI,2,2022,4Pad,Dn,1,COI.0222.4Pad.Dn.1,12.3
COI,2,2022,4Pad,Dn,2,COI.0222.4Pad.Dn.2,12.5
COI,2,2022,4Pad,Dn,3,COI.0222.4Pad.Dn.3,11.1
COI,2,2022,4Pad,Up11,1,COI.0222.4Pad.Up11.1,9.62
COI,2,2022,4Pad,Up11,2,COI.0222.4Pad.Up11.2,9.96
COI,2,2022,4Pad,Up11,3,COI.0222.4Pad.Up11.3,12.4
COI,2,2022,4Pad,Up5,1,COI.0222.4Pad.Up5.1,0.924
COI,2,2022,4Pad,Up5,2,COI.0222.4Pad.Up5.2,9.99
COI,2,2022,4Pad,Up5,3,COI.0222.4Pad.Up5.3,6.57
COI,2,2022,5Sqm,Dn,1,COI.0222.5Sqm.Dn.1,5.44
COI,2,2022,5Sqm,Dn,2,COI.0222.5Sqm.Dn.2,5.35
COI,2,2022,5Sqm,Dn,3,COI.0222.5Sqm.Dn.3,3.76
COI,2,2022,5Sqm,Up,1,COI.0222.5Sqm.Up.1,3.04
COI,2,2022,5Sqm,Up,2,COI.0222.5Sqm.Up.2,5.48
COI,2,2022,5Sqm,Up,3,COI.0222.5Sqm.Up.3,3.89
COI,2,2022,Kangaroo,,,COI.0222.Kangaroo,24.1
MiMammal,3,2021,1Prt,Dn,1,MiMammal.0321.1Prt.Dn.1,0.682
MiMammal,3,2021,1Prt,Dn,2,MiMammal.0321.1Prt.Dn.2,0.588
MiMammal,3,2021,1Prt,Dn,3,MiMammal.0321.1Prt.Dn.3,0.593
MiMammal,3,2021,1Prt,Up,1,MiMammal.0321.1Prt.Up.1,0.394
MiMammal,3,2021,1Prt,Up,2,MiMammal.0321.1Prt.Up.2,0.41
MiMammal,3,2021,1Prt,Up,3,MiMammal.0321.1Prt.Up.3,0.342
MiMammal,3,2021,2Brn,Dn,1,MiMammal.0321.2Brn.Dn.1,1.52
MiMammal,3,2021,2Brn,Dn,2,MiMammal.0321.2Brn.Dn.2,0.58
MiMammal,3,2021,2Brn,Dn,3,MiMammal.0321.2Brn.Dn.3,0.486
MiMammal,3,2021,2Brn,Up,1,MiMammal.0321.2Brn.Up.1,2.8
MiMammal,3,2021,2Brn,Up,2,MiMammal.0321.2Brn.Up.2,2.86
MiMammal,3,2021,2Brn,Up,3,MiMammal.0321.2Brn.Up.3,1.18
MiMammal,3,2021,2Brn,Up,1.TR2,MiMammal.0321.2Brn.Up.1.TR2,3.82
MiMammal,3,2021,2Brn,Up,1.TR3,MiMammal.0321.2Brn.Up.1.TR3,6.66
MiMammal,3,2021,4Pad,Dn,1,MiMammal.0321.4Pad.Dn.1,0.584
MiMammal,3,2021,4Pad,Dn,2,MiMammal.0321.4Pad.Dn.2,1.19
MiMammal,3,2021,4Pad,Dn,3,MiMammal.0321.4Pad.Dn.3,0.572
MiMammal,3,2021,4Pad,Up11,1,MiMammal.0321.4Pad.Up11.1,1.07
MiMammal,3,2021,4Pad,Up11,2,MiMammal.0321.4Pad.Up11.2,0.701
MiMammal,3,2021,4Pad,Up11,3,MiMammal.0321.4Pad.Up11.3,1.09
MiMammal,3,2021,5Sqm,Dn,1,MiMammal.0321.5Sqm.Dn.1,0.987
MiMammal,3,2021,5Sqm,Dn,2,MiMammal.0321.5Sqm.Dn.2,0.674
MiMammal,3,2021,5Sqm,Dn,3,MiMammal.0321.5Sqm.Dn.3,1.02
MiMammal,3,2021,5Sqm,Up,1,MiMammal.0321.5Sqm.Up.1,1.9
MiMammal,3,2021,5Sqm,Up,2,MiMammal.0321.5Sqm.Up.2,0.783
MiMammal,3,2021,5Sqm,Up,3,MiMammal.0321.5Sqm.Up.3,1.73
MiFish,3,2021,1Prt,Dn,1,MiFish.0321.1Prt.Dn.1,0.243
MiFish,3,2021,1Prt,Dn,2,MiFish.0321.1Prt.Dn.2,0.408
MiFish,3,2021,1Prt,Dn,3,MiFish.0321.1Prt.Dn.3,0.435
MiFish,3,2021,1Prt,Dn,1.TR2,MiFish.0321.1Prt.Dn.1.TR2,0.416
MiFish,3,2021,1Prt,Dn,1.TR3,MiFish.0321.1Prt.Dn.1.TR3,0.256
MiFish,3,2021,1Prt,Up,1,MiFish.0321.1Prt.Up.1,1.26
MiFish,3,2021,1Prt,Up,2,MiFish.0321.1Prt.Up.2,0.202
MiFish,3,2021,1Prt,Up,3,MiFish.0321.1Prt.Up.3,0.447
MiFish,3,2021,2Brn,Dn,1,MiFish.0321.2Brn.Dn.1,2.03
MiFish,3,2021,2Brn,Dn,2,MiFish.0321.2Brn.Dn.2,0.118
MiFish,3,2021,2Brn,Dn,3,MiFish.0321.2Brn.Dn.3,1.38
MiFish,3,2021,2Brn,Up,1,MiFish.0321.2Brn.Up.1,0.847
MiFish,3,2021,2Brn,Up,2,MiFish.0321.2Brn.Up.2,0.564
MiFish,3,2021,2Brn,Up,3,MiFish.0321.2Brn.Up.3,0.366
MiFish,3,2021,3Chk,Dn,1,MiFish.0321.3Chk.Dn.1,0.717
MiFish,3,2021,3Chk,Dn,2,MiFish.0321.3Chk.Dn.2,4.17
MiFish,3,2021,3Chk,Dn,3,MiFish.0321.3Chk.Dn.3,0.556
MiFish,3,2021,3Chk,Up,1,MiFish.0321.3Chk.Up.1,0.366
MiFish,3,2021,3Chk,Up,2,MiFish.0321.3Chk.Up.2,0.211
MiFish,3,2021,3Chk,Up,3,MiFish.0321.3Chk.Up.3,0.194
MiFish,3,2021,4Pad,Dn,1,MiFish.0321.4Pad.Dn.1,1.56
MiFish,3,2021,4Pad,Dn,2,MiFish.0321.4Pad.Dn.2,1.53
MiFish,3,2021,4Pad,Dn,3,MiFish.0321.4Pad.Dn.3,1.53
MiFish,3,2021,4Pad,Up11,1,MiFish.0321.4Pad.Up11.1,2.82
MiFish,3,2021,4Pad,Up11,2,MiFish.0321.4Pad.Up11.2,3.45
MiFish,3,2021,4Pad,Up11,3,MiFish.0321.4Pad.Up11.3,1.58
MiFish,3,2021,4Pad,Up5,1,MiFish.0321.4Pad.Up5.1,1.34
MiFish,3,2021,4Pad,Up5,2,MiFish.0321.4Pad.Up5.2,1.21
MiFish,3,2021,4Pad,Up5,3,MiFish.0321.4Pad.Up5.3,0.55
MiFish,3,2021,5Sqm,Dn,1,MiFish.0321.5Sqm.Dn.1,0.486
MiFish,3,2021,5Sqm,Dn,2,MiFish.0321.5Sqm.Dn.2,0.454
MiFish,3,2021,5Sqm,Dn,3,MiFish.0321.5Sqm.Dn.3,0.519
MiFish,3,2021,5Sqm,Up,1,MiFish.0321.5Sqm.Up.1,1.78
MiFish,3,2021,5Sqm,Up,2,MiFish.0321.5Sqm.Up.2,1.22
MiFish,3,2021,5Sqm,Up,3,MiFish.0321.5Sqm.Up.3,0.524
COI,3,2021,2Brn,Up,2,COI.0321.2Brn.Up.2,2.18
COI,3,2021,2Brn,Up,2.TR2,COI.0321.2Brn.Up.2.TR2,2.67
COI,3,2021,2Brn,Up,2.TR3,COI.0321.2Brn.Up.2.TR3,4.36
MiMammal,4,2021,1Prt,Dn,1,MiMammal.0421.1Prt.Dn.1,0.65
MiMammal,4,2021,1Prt,Dn,2,MiMammal.0421.1Prt.Dn.2,0.488
MiMammal,4,2021,1Prt,Dn,3,MiMammal.0421.1Prt.Dn.3,0.597
MiMammal,4,2021,1Prt,Up,1,MiMammal.0421.1Prt.Up.1,0.659
MiMammal,4,2021,1Prt,Up,2,MiMammal.0421.1Prt.Up.2,0.346
MiMammal,4,2021,1Prt,Up,3,MiMammal.0421.1Prt.Up.3,1.3
MiMammal,4,2021,2Brn,Dn,1,MiMammal.0421.2Brn.Dn.1,0.724
MiMammal,4,2021,2Brn,Dn,2,MiMammal.0421.2Brn.Dn.2,0.283
MiMammal,4,2021,2Brn,Dn,3,MiMammal.0421.2Brn.Dn.3,1.22
MiMammal,4,2021,2Brn,Up,1,MiMammal.0421.2Brn.Up.1,0.449
MiMammal,4,2021,2Brn,Up,2,MiMammal.0421.2Brn.Up.2,0.833
MiMammal,4,2021,2Brn,Up,3,MiMammal.0421.2Brn.Up.3,0.607
MiMammal,4,2021,3Chk,Dn,1,MiMammal.0421.3Chk.Dn.1,1.23
MiMammal,4,2021,3Chk,Dn,2,MiMammal.0421.3Chk.Dn.2,0.99
MiMammal,4,2021,3Chk,Dn,3,MiMammal.0421.3Chk.Dn.3,1.14
MiMammal,4,2021,3Chk,Up,1,MiMammal.0421.3Chk.Up.1,0.693
MiMammal,4,2021,3Chk,Up,2,MiMammal.0421.3Chk.Up.2,1.05
MiMammal,4,2021,3Chk,Up,3,MiMammal.0421.3Chk.Up.3,5.44
MiMammal,4,2021,3Chk,Up,1.TR2,MiMammal.0421.3Chk.Up.1.TR2,0.375
MiMammal,4,2021,3Chk,Up,1.TR3,MiMammal.0421.3Chk.Up.1.TR3,0.635
MiMammal,4,2021,4Pad,Dn,1,MiMammal.0421.4Pad.Dn.1,0.577
MiMammal,4,2021,4Pad,Dn,2,MiMammal.0421.4Pad.Dn.2,0.398
MiMammal,4,2021,4Pad,Dn,3,MiMammal.0421.4Pad.Dn.3,1.14
MiMammal,4,2021,5Sqm,Dn,1,MiMammal.0421.5Sqm.Dn.1,1.28
MiMammal,4,2021,5Sqm,Dn,2,MiMammal.0421.5Sqm.Dn.2,1.7
MiMammal,4,2021,5Sqm,Dn,3,MiMammal.0421.5Sqm.Dn.3,1.22
MiMammal,4,2021,5Sqm,Up,1,MiMammal.0421.5Sqm.Up.1,2.95
MiMammal,4,2021,5Sqm,Up,2,MiMammal.0421.5Sqm.Up.2,1.27
MiMammal,4,2021,5Sqm,Up,3,MiMammal.0421.5Sqm.Up.3,1.15
MiMammal,4,2021,Kangaroo,na,na,MiMammal.0421.Kangaroo,6.31
MiFish,4,2021,1Prt,Dn,1,MiFish.0421.1Prt.Dn.1,0.666
MiFish,4,2021,1Prt,Dn,2,MiFish.0421.1Prt.Dn.2,0.975
MiFish,4,2021,1Prt,Dn,3,MiFish.0421.1Prt.Dn.3,2.34
MiFish,4,2021,1Prt,Up,1,MiFish.0421.1Prt.Up.1,1.22
MiFish,4,2021,1Prt,Up,2,MiFish.0421.1Prt.Up.2,1.59
MiFish,4,2021,1Prt,Up,3,MiFish.0421.1Prt.Up.3,0.908
MiFish,4,2021,2Brn,Dn,1,MiFish.0421.2Brn.Dn.1,0.768
MiFish,4,2021,2Brn,Dn,2,MiFish.0421.2Brn.Dn.2,0.595
MiFish,4,2021,2Brn,Dn,3,MiFish.0421.2Brn.Dn.3,0.65
MiFish,4,2021,2Brn,Up,1,MiFish.0421.2Brn.Up.1,0.444
MiFish,4,2021,2Brn,Up,2,MiFish.0421.2Brn.Up.2,0.376
MiFish,4,2021,2Brn,Up,3,MiFish.0421.2Brn.Up.3,0.485
MiFish,4,2021,3Chk,Dn,1,MiFish.0421.3Chk.Dn.1,1.05
MiFish,4,2021,3Chk,Dn,2,MiFish.0421.3Chk.Dn.2,0.985
MiFish,4,2021,3Chk,Dn,3,MiFish.0421.3Chk.Dn.3,0.639
MiFish,4,2021,3Chk,Dn,3.TR2,MiFish.0421.3Chk.Dn.3.TR2,0.473
MiFish,4,2021,3Chk,Dn,3.TR3,MiFish.0421.3Chk.Dn.3.TR3,0.456
MiFish,4,2021,3Chk,Up,1,MiFish.0421.3Chk.Up.1,0.786
MiFish,4,2021,3Chk,Up,2,MiFish.0421.3Chk.Up.2,0.57
MiFish,4,2021,3Chk,Up,3,MiFish.0421.3Chk.Up.3,0.419
MiFish,4,2021,4Pad,Dn,1,MiFish.0421.4Pad.Dn.1,1.26
MiFish,4,2021,4Pad,Dn,2,MiFish.0421.4Pad.Dn.2,2.14
MiFish,4,2021,4Pad,Dn,3,MiFish.0421.4Pad.Dn.3,1.72
MiFish,4,2021,4Pad,Up11,1,MiFish.0421.4Pad.Up11.1,1.85
MiFish,4,2021,4Pad,Up11,2,MiFish.0421.4Pad.Up11.2,2.6
MiFish,4,2021,4Pad,Up11,3,MiFish.0421.4Pad.Up11.3,1.14
MiFish,4,2021,4Pad,Up5,1,MiFish.0421.4Pad.Up5.1,3.84
MiFish,4,2021,4Pad,Up5,2,MiFish.0421.4Pad.Up5.2,1.19
MiFish,4,2021,4Pad,Up5,3,MiFish.0421.4Pad.Up5.3,1.5
MiFish,4,2021,5Sqm,Dn,1,MiFish.0421.5Sqm.Dn.1,0.355
MiFish,4,2021,5Sqm,Dn,2,MiFish.0421.5Sqm.Dn.2,2.13
MiFish,4,2021,5Sqm,Dn,3,MiFish.0421.5Sqm.Dn.3,0.886
MiFish,4,2021,5Sqm,Up,1,MiFish.0421.5Sqm.Up.1,2.01
MiFish,4,2021,5Sqm,Up,2,MiFish.0421.5Sqm.Up.2,2.13
MiFish,4,2021,5Sqm,Up,3,MiFish.0421.5Sqm.Up.3,1.04
MiFish,4,2021,Kangaroo,na,na,MiFish.0621.Kangaroo,1.75
COI,4,2021,1Prt,Dn,1,COI.0421.1Prt.Dn.1,3.34
COI,4,2021,1Prt,Dn,2,COI.0421.1Prt.Dn.2,1.92
COI,4,2021,1Prt,Dn,3,COI.0421.1Prt.Dn.3,4.29
COI,4,2021,1Prt,Up,1,COI.0421.1Prt.Up.1,2.8
COI,4,2021,1Prt,Up,2,COI.0421.1Prt.Up.2,4.76
COI,4,2021,1Prt,Up,3,COI.0421.1Prt.Up.3,3.54
COI,4,2021,2Brn,Dn,1,COI.0421.2Brn.Dn.1,3.74
COI,4,2021,2Brn,Dn,2,COI.0421.2Brn.Dn.2,3.84
COI,4,2021,2Brn,Dn,3,COI.0421.2Brn.Dn.3,3.65
COI,4,2021,2Brn,Up,1,COI.0421.2Brn.Up.1,4.27
COI,4,2021,2Brn,Up,2,COI.0421.2Brn.Up.2,2.61
COI,4,2021,2Brn,Up,3,COI.0421.2Brn.Up.3,2.91
COI,4,2021,3Chk,Dn,1,COI.0421.3Chk.Dn.1,4.56
COI,4,2021,3Chk,Dn,2,COI.0421.3Chk.Dn.2,7.31
COI,4,2021,3Chk,Dn,3,COI.0421.3Chk.Dn.3,6.12
COI,4,2021,3Chk,Up,1,COI.0421.3Chk.Up.1,4.46
COI,4,2021,3Chk,Up,2,COI.0421.3Chk.Up.2,5.74
COI,4,2021,3Chk,Up,3,COI.0421.3Chk.Up.3,4.29
COI,4,2021,4Pad,Up11,1,COI.0421.4Pad.Up11.1,6.33
COI,4,2021,4Pad,Up11,2,COI.0421.4Pad.Up11.2,6.02
COI,4,2021,4Pad,Up11,3,COI.0421.4Pad.Up11.3,7.3
COI,4,2021,4Pad,Up11,2.TR2,COI.0421.4Pad.Up11.2.TR2,10.5
COI,4,2021,4Pad,Up11,2.TR3,COI.0421.4Pad.Up11.2.TR3,14.8
COI,4,2021,5Sqm,Dn,1,COI.0421.5Sqm.Dn.1,2.53
COI,4,2021,5Sqm,Dn,2,COI.0421.5Sqm.Dn.2,5.3
COI,4,2021,5Sqm,Dn,3,COI.0421.5Sqm.Dn.3,3.48
COI,4,2021,5Sqm,Up,1,COI.0421.5Sqm.Up.1,1.17
COI,4,2021,5Sqm,Up,2,COI.0421.5Sqm.Up.2,3.52
COI,4,2021,5Sqm,Up,3,COI.0421.5Sqm.Up.3,2.5
MiMammal,5,2021,1Prt,Dn,1,MiMammal.0521.1Prt.Dn.1,1.15
MiMammal,5,2021,1Prt,Dn,2,MiMammal.0521.1Prt.Dn.2,0.597
MiMammal,5,2021,1Prt,Dn,3,MiMammal.0521.1Prt.Dn.3,0.311
MiMammal,5,2021,1Prt,Up,1,MiMammal.0521.1Prt.Up.1,0.132
MiMammal,5,2021,1Prt,Up,2,MiMammal.0521.1Prt.Up.2,0.28
MiMammal,5,2021,1Prt,Up,3,MiMammal.0521.1Prt.Up.3,0.61
MiMammal,5,2021,2Brn,Dn,1,MiMammal.0521.2Brn.Dn.1,0.799
MiMammal,5,2021,2Brn,Dn,2,MiMammal.0521.2Brn.Dn.2,0.13
MiMammal,5,2021,2Brn,Dn,3,MiMammal.0521.2Brn.Dn.3,1.5
MiMammal,5,2021,2Brn,Up,1,MiMammal.0521.2Brn.Up.1,0.49
MiMammal,5,2021,2Brn,Up,2,MiMammal.0521.2Brn.Up.2,3.08
MiMammal,5,2021,2Brn,Up,3,MiMammal.0521.2Brn.Up.3,0.669
MiMammal,5,2021,3Chk,Dn,1,MiMammal.0521.3Chk.Dn.1,1.08
MiMammal,5,2021,3Chk,Dn,2,MiMammal.0521.3Chk.Dn.2,1.41
MiMammal,5,2021,3Chk,Dn,3,MiMammal.0521.3Chk.Dn.3,1.27
MiMammal,5,2021,3Chk,Up,1,MiMammal.0521.3Chk.Up.1,0.668
MiMammal,5,2021,3Chk,Up,2,MiMammal.0521.3Chk.Up.2,0.673
MiMammal,5,2021,3Chk,Up,3,MiMammal.0521.3Chk.Up.3,0.795
MiMammal,5,2021,4Pad,Dn,1,MiMammal.0521.4Pad.Dn.1,13.4
MiMammal,5,2021,4Pad,Dn,2,MiMammal.0521.4Pad.Dn.2,15.1
MiMammal,5,2021,4Pad,Dn,3,MiMammal.0521.4Pad.Dn.3,13.7
MiMammal,5,2021,4Pad,Up11,1,MiMammal.0521.4Pad.Up11.1,0.878
MiMammal,5,2021,4Pad,Up11,2,MiMammal.0521.4Pad.Up11.2,5.95
MiMammal,5,2021,4Pad,Up11,3,MiMammal.0521.4Pad.Up11.3,5.5
MiMammal,5,2021,4Pad,Up5,1,MiMammal.0521.4Pad.Up5.1,1.29
MiMammal,5,2021,4Pad,Up5,2,MiMammal.0521.4Pad.Up5.2,0.246
MiMammal,5,2021,4Pad,Up5,3,MiMammal.0521.4Pad.Up5.3,0.253
MiMammal,5,2021,4Pad,Up5,2.TR2,MiMammal.0521.4Pad.Up5.2.TR2,0.699
MiMammal,5,2021,4Pad,Up5,2.TR3,MiMammal.0521.4Pad.Up5.2.TR3,0.864
MiMammal,5,2021,5Sqm,Dn,1,MiMammal.0521.5Sqm.Dn.1,2.44
MiMammal,5,2021,5Sqm,Dn,2,MiMammal.0521.5Sqm.Dn.2,6.29
MiMammal,5,2021,5Sqm,Dn,3,MiMammal.0521.5Sqm.Dn.3,5.77
MiMammal,5,2021,5Sqm,Up,1,MiMammal.0521.5Sqm.Up.1,7.54
MiMammal,5,2021,5Sqm,Up,2,MiMammal.0521.5Sqm.Up.2,5.44
MiMammal,5,2021,5Sqm,Up,3,MiMammal.0521.5Sqm.Up.3,5.85
MiFish,5,2021,1Prt,Dn,1,MiFish.0521.1Prt.Dn.1,0.204
MiFish,5,2021,1Prt,Dn,2,MiFish.0521.1Prt.Dn.2,0.518
MiFish,5,2021,1Prt,Dn,3,MiFish.0521.1Prt.Dn.3,0.869
MiFish,5,2021,1Prt,Up,1,MiFish.0521.1Prt.Up.1,0.166
MiFish,5,2021,1Prt,Up,2,MiFish.0521.1Prt.Up.2,0.313
MiFish,5,2021,1Prt,Up,3,MiFish.0521.1Prt.Up.3,0.337
MiFish,5,2021,2Brn,Dn,1,MiFish.0521.2Brn.Dn.1,0.559
MiFish,5,2021,2Brn,Dn,2,MiFish.0521.2Brn.Dn.2,0.69
MiFish,5,2021,2Brn,Dn,3,MiFish.0521.2Brn.Dn.3,1.96
MiFish,5,2021,2Brn,Dn,2.TR2,MiFish.0521.2Brn.Dn.2.TR2,1.83
MiFish,5,2021,2Brn,Dn,2.TR3,MiFish.0521.2Brn.Dn.2.TR3,0.272
MiFish,5,2021,2Brn,Up,1,MiFish.0521.2Brn.Up.1,0.155
MiFish,5,2021,2Brn,Up,2,MiFish.0521.2Brn.Up.2,0.278
MiFish,5,2021,2Brn,Up,3,MiFish.0521.2Brn.Up.3,0.264
MiFish,5,2021,3Chk,Dn,1,MiFish.0521.3Chk.Dn.1,0.05
MiFish,5,2021,3Chk,Dn,2,MiFish.0521.3Chk.Dn.2,0.144
MiFish,5,2021,3Chk,Dn,3,MiFish.0521.3Chk.Dn.3,0.122
MiFish,5,2021,3Chk,Up,1,MiFish.0521.3Chk.Up.1,0.09
MiFish,5,2021,3Chk,Up,2,MiFish.0521.3Chk.Up.2,0.252
MiFish,5,2021,3Chk,Up,3,MiFish.0521.3Chk.Up.3,0.284
MiFish,5,2021,4Pad,Dn,1,MiFish.0521.4Pad.Dn.1,0.819
MiFish,5,2021,4Pad,Dn,2,MiFish.0521.4Pad.Dn.2,0.377
MiFish,5,2021,4Pad,Dn,3,MiFish.0521.4Pad.Dn.3,1.51
MiFish,5,2021,4Pad,Up11,1,MiFish.0521.4Pad.Up11.1,0.284
MiFish,5,2021,4Pad,Up11,2,MiFish.0521.4Pad.Up11.2,0.667
MiFish,5,2021,4Pad,Up11,3,MiFish.0521.4Pad.Up11.3,0.212
MiFish,5,2021,4Pad,Up5,1,MiFish.0521.4Pad.Up5.1,0.493
MiFish,5,2021,4Pad,Up5,2,MiFish.0521.4Pad.Up5.2,0.742
MiFish,5,2021,4Pad,Up5,3,MiFish.0521.4Pad.Up5.3,0.373
MiFish,5,2021,5Sqm,Dn,1,MiFish.0521.5Sqm.Dn.1,0.954
MiFish,5,2021,5Sqm,Dn,2,MiFish.0521.5Sqm.Dn.2,2.02
MiFish,5,2021,5Sqm,Dn,3,MiFish.0521.5Sqm.Dn.3,0.576
MiFish,5,2021,5Sqm,Up,1,MiFish.0521.5Sqm.Up.1,0.25
MiFish,5,2021,5Sqm,Up,2,MiFish.0521.5Sqm.Up.2,0.129
MiFish,5,2021,5Sqm,Up,3,MiFish.0521.5Sqm.Up.3,0.355
COI,5,2021,1Prt,Dn,1,COI.0521.1Prt.Dn.1,7.41
COI,5,2021,1Prt,Dn,2,COI.0521.1Prt.Dn.2,0.238
COI,5,2021,1Prt,Dn,3,COI.0521.1Prt.Dn.3,0.196
COI,5,2021,1Prt,Up,1,COI.0521.1Prt.Up.1,7.05
COI,5,2021,1Prt,Up,2,COI.0521.1Prt.Up.2,0.071
COI,5,2021,1Prt,Up,3,COI.0521.1Prt.Up.3,0.145
COI,5,2021,2Brn,Dn,1,COI.0521.2Brn.Dn.1,0.386
COI,5,2021,2Brn,Dn,2,COI.0521.2Brn.Dn.2,5.74
COI,5,2021,2Brn,Dn,3,COI.0521.2Brn.Dn.3,5.06
COI,5,2021,2Brn,Up,1,COI.0521.2Brn.Up.1,3.27
COI,5,2021,2Brn,Up,2,COI.0521.2Brn.Up.2,9.49
COI,5,2021,2Brn,Up,3,COI.0521.2Brn.Up.3,0.708
COI,5,2021,3Chk,Dn,1,COI.0521.3Chk.Dn.1,11.6
COI,5,2021,3Chk,Dn,2,COI.0521.3Chk.Dn.2,8.2
COI,5,2021,3Chk,Dn,3,COI.0521.3Chk.Dn.3,10.4
COI,5,2021,3Chk,Up,1,COI.0521.3Chk.Up.1,14.5
COI,5,2021,3Chk,Up,2,COI.0521.3Chk.Up.2,16.5
COI,5,2021,3Chk,Up,3,COI.0521.3Chk.Up.3,12.5
COI,5,2021,4Pad,Dn,1,COI.0521.4Pad.Dn.1,1.56
COI,5,2021,4Pad,Dn,2,COI.0521.4Pad.Dn.2,2.81
COI,5,2021,4Pad,Dn,3,COI.0521.4Pad.Dn.3,6.15
COI,5,2021,4Pad,Up11,1,COI.0521.4Pad.Up11.1,14.6
COI,5,2021,4Pad,Up11,2,COI.0521.4Pad.Up11.2,5.85
COI,5,2021,4Pad,Up11,3,COI.0521.4Pad.Up11.3,5.64
COI,5,2021,4Pad,Up5,1,COI.0521.4Pad.Up5.1,3.08
COI,5,2021,4Pad,Up5,2,COI.0521.4Pad.Up5.2,7.79
COI,5,2021,4Pad,Up5,3,COI.0521.4Pad.Up5.3,3.98
COI,5,2021,5Sqm,Dn,1,COI.0521.5Sqm.Dn.1,4.63
COI,5,2021,5Sqm,Dn,2,COI.0521.5Sqm.Dn.2,10.2
COI,5,2021,5Sqm,Dn,3,COI.0521.5Sqm.Dn.3,8.66
COI,5,2021,5Sqm,Dn,1.TR2,COI.0521.5Sqm.Dn.1.TR2,5.31
COI,5,2021,5Sqm,Dn,1.TR3,COI.0521.5Sqm.Dn.1.TR3,5.98
COI,5,2021,5Sqm,Up,1,COI.0521.5Sqm.Up.1,10.9
COI,5,2021,5Sqm,Up,2,COI.0521.5Sqm.Up.2,7.68
COI,5,2021,5Sqm,Up,3,COI.0521.5Sqm.Up.3,6.08
MiMammal,6,2021,1Prt,Dn,1,MiMammal.0621.1Prt.Dn.1,0.356
MiMammal,6,2021,1Prt,Dn,2,MiMammal.0621.1Prt.Dn.2,0.378
MiMammal,6,2021,1Prt,Dn,3,MiMammal.0621.1Prt.Dn.3,0.248
MiMammal,6,2021,1Prt,Up,1,MiMammal.0621.1Prt.Up.1,0.247
MiMammal,6,2021,1Prt,Up,2,MiMammal.0621.1Prt.Up.2,1.19
MiMammal,6,2021,1Prt,Up,3,MiMammal.0621.1Prt.Up.3,0.233
MiMammal,6,2021,1Prt,Up,3.TR2,MiMammal.0621.1Prt.Up.3.TR2,0.422
MiMammal,6,2021,1Prt,Up,3.TR3,MiMammal.0621.1Prt.Up.3.TR3,0.446
MiMammal,6,2021,2Brn,Dn,1,MiMammal.0621.2Brn.Dn.1,1.72
MiMammal,6,2021,2Brn,Dn,2,MiMammal.0621.2Brn.Dn.2,2.03
MiMammal,6,2021,2Brn,Dn,3,MiMammal.0621.2Brn.Dn.3,2.94
MiMammal,6,2021,2Brn,Up,1,MiMammal.0621.2Brn.Up.1,0.906
MiMammal,6,2021,2Brn,Up,2,MiMammal.0621.2Brn.Up.2,1.41
MiMammal,6,2021,2Brn,Up,3,MiMammal.0621.2Brn.Up.3,0.477
MiMammal,6,2021,3Chk,Dn,1,MiMammal.0621.3Chk.Dn.1,5.22
MiMammal,6,2021,3Chk,Dn,2,MiMammal.0621.3Chk.Dn.2,9.23
MiMammal,6,2021,3Chk,Dn,3,MiMammal.0621.3Chk.Dn.3,7.42
MiMammal,6,2021,3Chk,Up,1,MiMammal.0621.3Chk.Up.1,7.02
MiMammal,6,2021,3Chk,Up,2,MiMammal.0621.3Chk.Up.2,6.01
MiMammal,6,2021,3Chk,Up,3,MiMammal.0621.3Chk.Up.3,3.81
MiMammal,6,2021,4Pad,Dn,1,MiMammal.0621.4Pad.Dn.1,12.5
MiMammal,6,2021,4Pad,Dn,2,MiMammal.0621.4Pad.Dn.2,11.7
MiMammal,6,2021,4Pad,Dn,3,MiMammal.0621.4Pad.Dn.3,10.4
MiMammal,6,2021,4Pad,Up11,1,MiMammal.0621.4Pad.Up11.1,0.601
MiMammal,6,2021,4Pad,Up11,2,MiMammal.0621.4Pad.Up11.2,4.97
MiMammal,6,2021,4Pad,Up11,3,MiMammal.0621.4Pad.Up11.3,1.5
MiMammal,6,2021,4Pad,Up5,1,MiMammal.0621.4Pad.Up5.1,4.51
MiMammal,6,2021,4Pad,Up5,2,MiMammal.0621.4Pad.Up5.2,5.18
MiMammal,6,2021,4Pad,Up5,3,MiMammal.0621.4Pad.Up5.3,4.67
MiMammal,6,2021,5Sqm,Dn,1,MiMammal.0621.5Sqm.Dn.1,6.28
MiMammal,6,2021,5Sqm,Dn,2,MiMammal.0621.5Sqm.Dn.2,5.33
MiMammal,6,2021,5Sqm,Dn,3,MiMammal.0621.5Sqm.Dn.3,5.99
MiMammal,6,2021,5Sqm,Up,1,MiMammal.0621.5Sqm.Up.1,2.92
MiMammal,6,2021,5Sqm,Up,2,MiMammal.0621.5Sqm.Up.2,6.01
MiMammal,6,2021,5Sqm,Up,3,MiMammal.0621.5Sqm.Up.3,4.87
MiMammal,6,2021,Kangaroo,na,na,MiMammal.0621.Kangaroo,17.1
MiFish,6,2021,1Prt,Dn,1,MiFish.0621.1Prt.Dn.1,0.464
MiFish,6,2021,1Prt,Dn,2,MiFish.0621.1Prt.Dn.2,0.356
MiFish,6,2021,1Prt,Dn,3,MiFish.0621.1Prt.Dn.3,0.546
MiFish,6,2021,1Prt,Up,1,MiFish.0621.1Prt.Up.1,0.905
MiFish,6,2021,1Prt,Up,2,MiFish.0621.1Prt.Up.2,0.219
MiFish,6,2021,1Prt,Up,3,MiFish.0621.1Prt.Up.3,0.654
MiFish,6,2021,2Brn,Dn,1,MiFish.0621.2Brn.Dn.1,4.58
MiFish,6,2021,2Brn,Dn,2,MiFish.0621.2Brn.Dn.2,1.71
MiFish,6,2021,2Brn,Dn,3,MiFish.0621.2Brn.Dn.3,2.23
MiFish,6,2021,2Brn,Up,1,MiFish.0621.2Brn.Up.1,0.214
MiFish,6,2021,2Brn,Up,2,MiFish.0621.2Brn.Up.2,0.272
MiFish,6,2021,2Brn,Up,3,MiFish.0621.2Brn.Up.3,0.236
MiFish,6,2021,3Chk,Dn,1,MiFish.0621.3Chk.Dn.1,1.28
MiFish,6,2021,3Chk,Dn,2,MiFish.0621.3Chk.Dn.2,5.17
MiFish,6,2021,3Chk,Dn,3,MiFish.0621.3Chk.Dn.3,4.45
MiFish,6,2021,3Chk,Up,1,MiFish.0621.3Chk.Up.1,3.58
MiFish,6,2021,3Chk,Up,2,MiFish.0621.3Chk.Up.2,1.29
MiFish,6,2021,3Chk,Up,3,MiFish.0621.3Chk.Up.3,4.78
MiFish,6,2021,4Pad,Dn,1,MiFish.0621.4Pad.Dn.1,0.2
MiFish,6,2021,4Pad,Dn,2,MiFish.0621.4Pad.Dn.2,0.116
MiFish,6,2021,4Pad,Dn,3,MiFish.0621.4Pad.Dn.3,0.527
MiFish,6,2021,4Pad,Up11,1,MiFish.0621.4Pad.Up11.1,0.603
MiFish,6,2021,4Pad,Up11,2,MiFish.0621.4Pad.Up11.2,0.444
MiFish,6,2021,4Pad,Up11,3,MiFish.0621.4Pad.Up11.3,0.151
MiFish,6,2021,4Pad,Up5,1,MiFish.0621.4Pad.Up5.1,0.341
MiFish,6,2021,4Pad,Up5,2,MiFish.0621.4Pad.Up5.2,0.185
MiFish,6,2021,4Pad,Up5,3,MiFish.0621.4Pad.Up5.3,0.164
MiFish,6,2021,5Sqm,Dn,1,MiFish.0621.5Sqm.Dn.1,9.21
MiFish,6,2021,5Sqm,Dn,2,MiFish.0621.5Sqm.Dn.2,3.45
MiFish,6,2021,5Sqm,Dn,3,MiFish.0621.5Sqm.Dn.3,4.62
MiFish,6,2021,5Sqm,Up,1,MiFish.0621.5Sqm.Up.1,1.75
MiFish,6,2021,5Sqm,Up,2,MiFish.0621.5Sqm.Up.2,4.14
MiFish,6,2021,5Sqm,Up,3,MiFish.0621.5Sqm.Up.3,2.8
MiFish,6,2021,5Sqm,Up,3.TR2,MiFish.0621.5Sqm.Up.3.TR2,4.08
MiFish,6,2021,5Sqm,Up,3.TR3,MiFish.0621.5Sqm.Up.3.TR3,6.97
MiFish,6,2021,Kangaroo,na,na,MiFish.0621.Kangaroo,6.99
COI,6,2021,1Prt,Dn,1,COI.0621.1Prt.Dn.1,2.21
COI,6,2021,1Prt,Dn,2,COI.0621.1Prt.Dn.2,1.64
COI,6,2021,1Prt,Dn,3,COI.0621.1Prt.Dn.3,5.96
COI,6,2021,1Prt,Up,1,COI.0621.1Prt.Up.1,5.4
COI,6,2021,1Prt,Up,2,COI.0621.1Prt.Up.2,4.05
COI,6,2021,1Prt,Up,3,COI.0621.1Prt.Up.3,10.6
COI,6,2021,2Brn,Dn,1,COI.0621.2Brn.Dn.1,13.4
COI,6,2021,2Brn,Dn,2,COI.0621.2Brn.Dn.2,12.8
COI,6,2021,2Brn,Dn,3,COI.0621.2Brn.Dn.3,4.61
COI,6,2021,2Brn,Up,1,COI.0621.2Brn.Up.1,12.5
COI,6,2021,2Brn,Up,2,COI.0621.2Brn.Up.2,13.9
COI,6,2021,2Brn,Up,3,COI.0621.2Brn.Up.3,4.55
COI,6,2021,3Chk,Dn,1,COI.0621.3Chk.Dn.1,4.36
COI,6,2021,3Chk,Dn,2,COI.0621.3Chk.Dn.2,10.3
COI,6,2021,3Chk,Dn,3,COI.0621.3Chk.Dn.3,6.11
COI,6,2021,3Chk,Up,1,COI.0621.3Chk.Up.1,5.11
COI,6,2021,3Chk,Up,2,COI.0621.3Chk.Up.2,9.43
COI,6,2021,3Chk,Up,3,COI.0621.3Chk.Up.3,6.18
COI,6,2021,4Pad,Dn,1,COI.0621.4Pad.Dn.1,4.48
COI,6,2021,4Pad,Dn,2,COI.0621.4Pad.Dn.2,4.88
COI,6,2021,4Pad,Dn,3,COI.0621.4Pad.Dn.3,4
COI,6,2021,4Pad,Dn,1.TR2,COI.0621.4Pad.Dn.1.TR2,10.4
COI,6,2021,4Pad,Dn,1.TR3,COI.0621.4Pad.Dn.1.TR3,11.5
COI,6,2021,4Pad,Up11,1,COI.0621.4Pad.Up11.1,2.38
COI,6,2021,4Pad,Up11,2,COI.0621.4Pad.Up11.2,4.45
COI,6,2021,4Pad,Up11,3,COI.0621.4Pad.Up11.3,8.95
COI,6,2021,4Pad,Up5,1,COI.0621.4Pad.Up5.1,13.5
COI,6,2021,4Pad,Up5,2,COI.0621.4Pad.Up5.2,13.2
COI,6,2021,4Pad,Up5,3,COI.0621.4Pad.Up5.3,2.5
COI,6,2021,5Sqm,Dn,1,COI.0621.5Sqm.Dn.1,3.38
COI,6,2021,5Sqm,Dn,2,COI.0621.5Sqm.Dn.2,1.98
COI,6,2021,5Sqm,Dn,3,COI.0621.5Sqm.Dn.3,10.6
COI,6,2021,5Sqm,Up,1,COI.0621.5Sqm.Up.1,2.72
COI,6,2021,5Sqm,Up,2,COI.0621.5Sqm.Up.2,4.73
COI,6,2021,5Sqm,Up,3,COI.0621.5Sqm.Up.3,2.8
COI,6,2021,Kangaroo,na,na,COI.0621.Kangaroo,2.8
MiMammal,7,2021,1Prt,Dn,1,MiMammal.0721.1Prt.Dn.1,4.17
MiMammal,7,2021,1Prt,Dn,2,MiMammal.0721.1Prt.Dn.2,3.45
MiMammal,7,2021,1Prt,Dn,3,MiMammal.0721.1Prt.Dn.3,3.4
MiMammal,7,2021,1Prt,Up,1,MiMammal.0721.1Prt.Up.1,1.56
MiMammal,7,2021,1Prt,Up,2,MiMammal.0721.1Prt.Up.2,0.13
MiMammal,7,2021,1Prt,Up,3,MiMammal.0721.1Prt.Up.3,2.57
MiMammal,7,2021,2Brn,Dn,1,MiMammal.0721.2Brn.Dn.1,0.946
MiMammal,7,2021,2Brn,Dn,2,MiMammal.0721.2Brn.Dn.2,3.86
MiMammal,7,2021,2Brn,Dn,3,MiMammal.0721.2Brn.Dn.3,1.41
MiMammal,7,2021,2Brn,Up,1,MiMammal.0721.2Brn.Up.1,1.82
MiMammal,7,2021,2Brn,Up,2,MiMammal.0721.2Brn.Up.2,2.47
MiMammal,7,2021,2Brn,Up,3,MiMammal.0721.2Brn.Up.3,1.58
MiMammal,7,2021,3Chk,Dn,1,MiMammal.0721.3Chk.Dn.1,7.93
MiMammal,7,2021,3Chk,Dn,2,MiMammal.0721.3Chk.Dn.2,6.96
MiMammal,7,2021,3Chk,Dn,3,MiMammal.0721.3Chk.Dn.3,10.3
MiMammal,7,2021,3Chk,Up,1,MiMammal.0721.3Chk.Up.1,15.3
MiMammal,7,2021,3Chk,Up,2,MiMammal.0721.3Chk.Up.2,16.3
MiMammal,7,2021,3Chk,Up,3,MiMammal.0721.3Chk.Up.3,12.4
MiMammal,7,2021,4Pad,Dn,1,MiMammal.0721.4Pad.Dn.1,3.1
MiMammal,7,2021,4Pad,Dn,2,MiMammal.0721.4Pad.Dn.2,2.21
MiMammal,7,2021,4Pad,Dn,3,MiMammal.0721.4Pad.Dn.3,8.47
MiMammal,7,2021,4Pad,Up11,1,MiMammal.0721.4Pad.Up11.1,8.94
MiMammal,7,2021,4Pad,Up11,2,MiMammal.0721.4Pad.Up11.2,0.147
MiMammal,7,2021,4Pad,Up11,3,MiMammal.0721.4Pad.Up11.3,9.82
MiMammal,7,2021,4Pad,Up5,1,MiMammal.0721.4Pad.Up5.1,0.625
MiMammal,7,2021,4Pad,Up5,2,MiMammal.0721.4Pad.Up5.2,0.859
MiMammal,7,2021,4Pad,Up5,3,MiMammal.0721.4Pad.Up5.3,0.694
MiMammal,7,2021,5Sqm,Dn,1,MiMammal.0721.5Sqm.Dn.1,1.94
MiMammal,7,2021,5Sqm,Dn,2,MiMammal.0721.5Sqm.Dn.2,0.471
MiMammal,7,2021,5Sqm,Dn,3,MiMammal.0721.5Sqm.Dn.3,0.988
MiMammal,7,2021,5Sqm,Up,1,MiMammal.0721.5Sqm.Up.1,10.3
MiMammal,7,2021,5Sqm,Up,2,MiMammal.0721.5Sqm.Up.2,8.13
MiMammal,7,2021,5Sqm,Up,3,MiMammal.0721.5Sqm.Up.3,8.48
MiMammal,7,2021,5Sqm,Up,1.TR2,MiMammal.0721.5Sqm.Up.1.TR2,9.75
MiMammal,7,2021,5Sqm,Up,1.TR3,MiMammal.0721.5Sqm.Up.1.TR3,7.6
MiMammal,7,2021,Kangaroo,na,na,MiMammal.0721.Kangaroo,16.1
MiFish,7,2021,1Prt,Dn,1,MiFish.0721.1Prt.Dn.1,1.55
MiFish,7,2021,1Prt,Dn,2,MiFish.0721.1Prt.Dn.2,1.61
MiFish,7,2021,1Prt,Dn,3,MiFish.0721.1Prt.Dn.3,1.89
MiFish,7,2021,1Prt,Up,1,MiFish.0721.1Prt.Up.1,0.982
MiFish,7,2021,1Prt,Up,2,MiFish.0721.1Prt.Up.2,0.813
MiFish,7,2021,1Prt,Up,3,MiFish.0721.1Prt.Up.3,0.942
MiFish,7,2021,2Brn,Dn,1,MiFish.0721.2Brn.Dn.1,4.05
MiFish,7,2021,2Brn,Dn,2,MiFish.0721.2Brn.Dn.2,2.66
MiFish,7,2021,2Brn,Dn,3,MiFish.0721.2Brn.Dn.3,0.407
MiFish,7,2021,2Brn,Up,1,MiFish.0721.2Brn.Up.1,0.763
MiFish,7,2021,2Brn,Up,2,MiFish.0721.2Brn.Up.2,0.788
MiFish,7,2021,2Brn,Up,3,MiFish.0721.2Brn.Up.3,0.63
MiFish,7,2021,3Chk,Dn,1,MiFish.0721.3Chk.Dn.1,6.82
MiFish,7,2021,3Chk,Dn,2,MiFish.0721.3Chk.Dn.2,6.59
MiFish,7,2021,3Chk,Dn,3,MiFish.0721.3Chk.Dn.3,7.91
MiFish,7,2021,3Chk,Up,1,MiFish.0721.3Chk.Up.1,11.8
MiFish,7,2021,3Chk,Up,2,MiFish.0721.3Chk.Up.2,17.4
MiFish,7,2021,3Chk,Up,3,MiFish.0721.3Chk.Up.3,9.73
MiFish,7,2021,4Pad,Dn,1,MiFish.0721.4Pad.Dn.1,7.51
MiFish,7,2021,4Pad,Dn,2,MiFish.0721.4Pad.Dn.2,5.28
MiFish,7,2021,4Pad,Dn,3,MiFish.0721.4Pad.Dn.3,10.1
MiFish,7,2021,4Pad,Up11,1,MiFish.0721.4Pad.Up11.1,8.76
MiFish,7,2021,4Pad,Up11,2,MiFish.0721.4Pad.Up11.2,6.07
MiFish,7,2021,4Pad,Up11,3,MiFish.0721.4Pad.Up11.3,11.1
MiFish,7,2021,4Pad,Up5,1,MiFish.0721.4Pad.Up5.1,1.04
MiFish,7,2021,4Pad,Up5,2,MiFish.0721.4Pad.Up5.2,0.748
MiFish,7,2021,4Pad,Up5,3,MiFish.0721.4Pad.Up5.3,0.725
MiFish,7,2021,4Pad,Up5,1.TR2,MiFish.0721.4Pad.Up5.1.TR2,0.747
MiFish,7,2021,4Pad,Up5,1.TR3,MiFish.0721.4Pad.Up5.1.TR3,1.36
MiFish,7,2021,5Sqm,Dn,1,MiFish.0721.5Sqm.Dn.1,6.2
MiFish,7,2021,5Sqm,Dn,2,MiFish.0721.5Sqm.Dn.2,2.43
MiFish,7,2021,5Sqm,Dn,3,MiFish.0721.5Sqm.Dn.3,6.07
MiFish,7,2021,5Sqm,Up,1,MiFish.0721.5Sqm.Up.1,10.5
MiFish,7,2021,5Sqm,Up,2,MiFish.0721.5Sqm.Up.2,15
MiFish,7,2021,5Sqm,Up,3,MiFish.0721.5Sqm.Up.3,2.88
MiFish,7,2021,Kangaroo,na,na,MiFish.0721.Kangaroo,4.83
COI,7,2021,1Prt,Dn,1,COI.0721.1Prt.Dn.1,1.87
COI,7,2021,1Prt,Dn,2,COI.0721.1Prt.Dn.2,1.85
COI,7,2021,1Prt,Dn,3,COI.0721.1Prt.Dn.3,2.2
COI,7,2021,1Prt,Up,1,COI.0721.1Prt.Up.1,2.03
COI,7,2021,1Prt,Up,2,COI.0721.1Prt.Up.2,4.92
COI,7,2021,1Prt,Up,3,COI.0721.1Prt.Up.3,4.84
COI,7,2021,2Brn,Dn,1,COI.0721.2Brn.Dn.1,5.34
COI,7,2021,2Brn,Dn,2,COI.0721.2Brn.Dn.2,7.55
COI,7,2021,2Brn,Dn,3,COI.0721.2Brn.Dn.3,3.03
COI,7,2021,2Brn,Dn,3.TR2,COI.0721.2Brn.Dn.3.TR2,7.99
COI,7,2021,2Brn,Dn,3.TR3,COI.0721.2Brn.Dn.3.TR3,8.76
COI,7,2021,2Brn,Up,1,COI.0721.2Brn.Up.1,4.89
COI,7,2021,2Brn,Up,2,COI.0721.2Brn.Up.2,6.43
COI,7,2021,2Brn,Up,3,COI.0721.2Brn.Up.3,7.37
COI,7,2021,3Chk,Dn,1,COI.0721.3Chk.Dn.1,13.9
COI,7,2021,3Chk,Dn,2,COI.0721.3Chk.Dn.2,0.8
COI,7,2021,3Chk,Dn,3,COI.0721.3Chk.Dn.3,21
COI,7,2021,3Chk,Up,1,COI.0721.3Chk.Up.1,11.8
COI,7,2021,3Chk,Up,2,COI.0721.3Chk.Up.2,9.93
COI,7,2021,3Chk,Up,3,COI.0721.3Chk.Up.3,10.9
COI,7,2021,4Pad,Dn,1,COI.0721.4Pad.Dn.1,14.7
COI,7,2021,4Pad,Dn,2,COI.0721.4Pad.Dn.2,3.03
COI,7,2021,4Pad,Dn,3,COI.0721.4Pad.Dn.3,11.2
COI,7,2021,4Pad,Up11,1,COI.0721.4Pad.Up11.1,7.6
COI,7,2021,4Pad,Up11,2,COI.0721.4Pad.Up11.2,9.32
COI,7,2021,4Pad,Up11,3,COI.0721.4Pad.Up11.3,9.47
COI,7,2021,4Pad,Up5,1,COI.0721.4Pad.Up5.1,4.63
COI,7,2021,4Pad,Up5,2,COI.0721.4Pad.Up5.2,2.24
COI,7,2021,4Pad,Up5,3,COI.0721.4Pad.Up5.3,7.72
COI,7,2021,5Sqm,Dn,1,COI.0721.5Sqm.Dn.1,11.3
COI,7,2021,5Sqm,Dn,2,COI.0721.5Sqm.Dn.2,5.83
COI,7,2021,5Sqm,Dn,3,COI.0721.5Sqm.Dn.3,1.87
COI,7,2021,5Sqm,Up,1,COI.0721.5Sqm.Up.1,15.9
COI,7,2021,5Sqm,Up,2,COI.0721.5Sqm.Up.2,14.6
COI,7,2021,5Sqm,Up,3,COI.0721.5Sqm.Up.3,11.3
COI,7,2021,Kangaroo,na,na,COI.0721.Kangaroo,2.8
MiMammal,8,2021,1Prt,Dn,1,MiMammal.0821.1Prt.Dn.1,0.809
MiMammal,8,2021,1Prt,Dn,2,MiMammal.0821.1Prt.Dn.2,0.573
MiMammal,8,2021,1Prt,Dn,3,MiMammal.0821.1Prt.Dn.3,0.233
MiMammal,8,2021,1Prt,Up,1,MiMammal.0821.1Prt.Up.1,0.441
MiMammal,8,2021,1Prt,Up,2,MiMammal.0821.1Prt.Up.2,1.8
MiMammal,8,2021,1Prt,Up,3,MiMammal.0821.1Prt.Up.3,0.58
MiMammal,8,2021,2Brn,Dn,1,MiMammal.0821.2Brn.Dn.1,2.36
MiMammal,8,2021,2Brn,Dn,2,MiMammal.0821.2Brn.Dn.2,1.33
MiMammal,8,2021,2Brn,Dn,3,MiMammal.0821.2Brn.Dn.3,1.32
MiMammal,8,2021,2Brn,Up,1,MiMammal.0821.2Brn.Up.1,0.547
MiMammal,8,2021,2Brn,Up,2,MiMammal.0821.2Brn.Up.2,1.28
MiMammal,8,2021,2Brn,Up,3,MiMammal.0821.2Brn.Up.3,0.656
MiMammal,8,2021,3Chk,Dn,1,MiMammal.0821.3Chk.Dn.1,5.76
MiMammal,8,2021,3Chk,Dn,2,MiMammal.0821.3Chk.Dn.2,8.02
MiMammal,8,2021,3Chk,Dn,3,MiMammal.0821.3Chk.Dn.3,0.688
MiMammal,8,2021,3Chk,Up,1,MiMammal.0821.3Chk.Up.1,6.97
MiMammal,8,2021,3Chk,Up,2,MiMammal.0821.3Chk.Up.2,1.84
MiMammal,8,2021,3Chk,Up,3,MiMammal.0821.3Chk.Up.3,2.55
MiMammal,8,2021,4Pad,Dn,1,MiMammal.0821.4Pad.Dn.1,1.24
MiMammal,8,2021,4Pad,Dn,2,MiMammal.0821.4Pad.Dn.2,1.96
MiMammal,8,2021,4Pad,Dn,3,MiMammal.0821.4Pad.Dn.3,0.736
MiMammal,8,2021,4Pad,Dn,2.TR2,MiMammal.0821.4Pad.Dn.2.TR2,0.813
MiMammal,8,2021,4Pad,Dn,2.TR3,MiMammal.0821.4Pad.Dn.2.TR3,1.3
MiMammal,8,2021,4Pad,Up11,1,MiMammal.0821.4Pad.Up11.1,7.39
MiMammal,8,2021,4Pad,Up11,2,MiMammal.0821.4Pad.Up11.2,3.54
MiMammal,8,2021,4Pad,Up11,3,MiMammal.0821.4Pad.Up11.3,1.78
MiMammal,8,2021,4Pad,Up5,1,MiMammal.0821.4Pad.Up5.1,0.484
MiMammal,8,2021,4Pad,Up5,2,MiMammal.0821.4Pad.Up5.2,0.701
MiMammal,8,2021,4Pad,Up5,3,MiMammal.0821.4Pad.Up5.3,0.431
MiMammal,8,2021,5Sqm,Dn,1,MiMammal.0821.5Sqm.Dn.1,1.84
MiMammal,8,2021,5Sqm,Dn,2,MiMammal.0821.5Sqm.Dn.2,2.23
MiMammal,8,2021,5Sqm,Dn,3,MiMammal.0821.5Sqm.Dn.3,4.45
MiMammal,8,2021,5Sqm,Up,1,MiMammal.0821.5Sqm.Up.1,13.9
MiMammal,8,2021,5Sqm,Up,2,MiMammal.0821.5Sqm.Up.2,13.6
MiMammal,8,2021,5Sqm,Up,3,MiMammal.0821.5Sqm.Up.3,5.59
MiMammal,8,2021,Kangaroo,na,na,MiMammal.0821.Kangaroo,13.7
MiFish,8,2021,1Prt,Dn,1,MiFish.0821.1Prt.Dn.1,3.11
MiFish,8,2021,1Prt,Dn,2,MiFish.0821.1Prt.Dn.2,2.9
MiFish,8,2021,1Prt,Dn,3,MiFish.0821.1Prt.Dn.3,1.25
MiFish,8,2021,1Prt,Up,1,MiFish.0821.1Prt.Up.1,2.28
MiFish,8,2021,1Prt,Up,2,MiFish.0821.1Prt.Up.2,1.56
MiFish,8,2021,1Prt,Up,3,MiFish.0821.1Prt.Up.3,2.58
MiFish,8,2021,2Brn,Dn,1,MiFish.0821.2Brn.Dn.1,12.4
MiFish,8,2021,2Brn,Dn,2,MiFish.0821.2Brn.Dn.2,6.97
MiFish,8,2021,2Brn,Dn,3,MiFish.0821.2Brn.Dn.3,7.81
MiFish,8,2021,2Brn,Dn,1.TR2,MiFish.0821.2Brn.Dn.1.TR2,2.52
MiFish,8,2021,2Brn,Dn,1.TR3,MiFish.0821.2Brn.Dn.1.TR3,4.12
MiFish,8,2021,2Brn,Up,1,MiFish.0821.2Brn.Up.1,1.84
MiFish,8,2021,2Brn,Up,2,MiFish.0821.2Brn.Up.2,4.77
MiFish,8,2021,2Brn,Up,3,MiFish.0821.2Brn.Up.3,2.39
MiFish,8,2021,3Chk,Dn,1,MiFish.0821.3Chk.Dn.1,11.1
MiFish,8,2021,3Chk,Dn,2,MiFish.0821.3Chk.Dn.2,10.7
MiFish,8,2021,3Chk,Dn,3,MiFish.0821.3Chk.Dn.3,1.11
MiFish,8,2021,3Chk,Up,1,MiFish.0821.3Chk.Up.1,6.6
MiFish,8,2021,3Chk,Up,2,MiFish.0821.3Chk.Up.2,7.12
MiFish,8,2021,3Chk,Up,3,MiFish.0821.3Chk.Up.3,6.04
MiFish,8,2021,4Pad,Dn,1,MiFish.0821.4Pad.Dn.1,3.77
MiFish,8,2021,4Pad,Dn,2,MiFish.0821.4Pad.Dn.2,5.96
MiFish,8,2021,4Pad,Dn,3,MiFish.0821.4Pad.Dn.3,3.41
MiFish,8,2021,4Pad,Up11,1,MiFish.0821.4Pad.Up11.1,4.9
MiFish,8,2021,4Pad,Up11,2,MiFish.0821.4Pad.Up11.2,6.86
MiFish,8,2021,4Pad,Up11,3,MiFish.0821.4Pad.Up11.3,4.61
MiFish,8,2021,4Pad,Up5,1,MiFish.0821.4Pad.Up5.1,0.659
MiFish,8,2021,4Pad,Up5,2,MiFish.0821.4Pad.Up5.2,0.736
MiFish,8,2021,4Pad,Up5,3,MiFish.0821.4Pad.Up5.3,0.887
MiFish,8,2021,5Sqm,Dn,1,MiFish.0821.5Sqm.Dn.1,6.32
MiFish,8,2021,5Sqm,Dn,2,MiFish.0821.5Sqm.Dn.2,3.4
MiFish,8,2021,5Sqm,Dn,3,MiFish.0821.5Sqm.Dn.3,3.99
MiFish,8,2021,5Sqm,Up,1,MiFish.0821.5Sqm.Up.1,7.68
MiFish,8,2021,5Sqm,Up,2,MiFish.0821.5Sqm.Up.2,6.81
MiFish,8,2021,5Sqm,Up,3,MiFish.0821.5Sqm.Up.3,7.05
MiFish,8,2021,Kangaroo,na,na,MiFish.0821.Kangaroo,11.7
COI,8,2021,1Prt,Dn,1,COI.0821.1Prt.Dn.1,7.73
COI,8,2021,1Prt,Dn,2,COI.0821.1Prt.Dn.2,6.63
COI,8,2021,1Prt,Dn,3,COI.0821.1Prt.Dn.3,11
COI,8,2021,1Prt,Up,1,COI.0821.1Prt.Up.1,7.01
COI,8,2021,1Prt,Up,2,COI.0821.1Prt.Up.2,2.64
COI,8,2021,1Prt,Up,3,COI.0821.1Prt.Up.3,2.99
COI,8,2021,2Brn,Dn,1,COI.0821.2Brn.Dn.1,11.3
COI,8,2021,2Brn,Dn,2,COI.0821.2Brn.Dn.2,6.32
COI,8,2021,2Brn,Dn,3,COI.0821.2Brn.Dn.3,8.21
COI,8,2021,2Brn,Up,1,COI.0821.2Brn.Up.1,12.1
COI,8,2021,2Brn,Up,2,COI.0821.2Brn.Up.2,5.01
COI,8,2021,2Brn,Up,3,COI.0821.2Brn.Up.3,6.98
COI,8,2021,3Chk,Dn,1,COI.0821.3Chk.Dn.1,13
COI,8,2021,3Chk,Dn,2,COI.0821.3Chk.Dn.2,13.2
COI,8,2021,3Chk,Dn,3,COI.0821.3Chk.Dn.3,10.2
COI,8,2021,3Chk,Up,1,COI.0821.3Chk.Up.1,10.3
COI,8,2021,3Chk,Up,2,COI.0821.3Chk.Up.2,7.03
COI,8,2021,3Chk,Up,3,COI.0821.3Chk.Up.3,8.26
COI,8,2021,4Pad,Dn,1,COI.0821.4Pad.Dn.1,9.1
COI,8,2021,4Pad,Dn,2,COI.0821.4Pad.Dn.2,10
COI,8,2021,4Pad,Dn,3,COI.0821.4Pad.Dn.3,14
COI,8,2021,4Pad,Up11,1,COI.0821.4Pad.Up11.1,14.1
COI,8,2021,4Pad,Up11,2,COI.0821.4Pad.Up11.2,15.7
COI,8,2021,4Pad,Up11,3,COI.0821.4Pad.Up11.3,6.11
COI,8,2021,4Pad,Up5,1,COI.0821.4Pad.Up5.1,10.7
COI,8,2021,4Pad,Up5,2,COI.0821.4Pad.Up5.2,11.6
COI,8,2021,4Pad,Up5,3,COI.0821.4Pad.Up5.3,16
COI,8,2021,5Sqm,Dn,1,COI.0821.5Sqm.Dn.1,14.5
COI,8,2021,5Sqm,Dn,2,COI.0821.5Sqm.Dn.2,12.7
COI,8,2021,5Sqm,Dn,3,COI.0821.5Sqm.Dn.3,10.2
COI,8,2021,5Sqm,Up,1,COI.0821.5Sqm.Up.1,17.7
COI,8,2021,5Sqm,Up,2,COI.0821.5Sqm.Up.2,21.3
COI,8,2021,5Sqm,Up,3,COI.0821.5Sqm.Up.3,19
COI,8,2021,5Sqm,Up,2.TR2,COI.0821.5Sqm.Up.2.TR2,24.5
COI,8,2021,5Sqm,Up,2.TR3,COI.0821.5Sqm.Up.2.TR3,21.2
COI,8,2021,Kangaroo,na,na,COI.0821.Kangaroo,15.1
MiFish,9,2021,1Prt,Dn,1,MiFish.0921.1Prt.Dn.1,1.9
MiFish,9,2021,1Prt,Dn,2,MiFish.0921.1Prt.Dn.2,2.06
MiFish,9,2021,1Prt,Dn,3,MiFish.0921.1Prt.Dn.3,1.75
MiFish,9,2021,1Prt,Up,1,MiFish.0921.1Prt.Up.1,1.13
MiFish,9,2021,1Prt,Up,2,MiFish.0921.1Prt.Up.2,0.843
MiFish,9,2021,1Prt,Up,3,MiFish.0921.1Prt.Up.3,1.13
MiFish,9,2021,2Brn,Dn,1,MiFish.0921.2Brn.Dn.1,2.91
MiFish,9,2021,2Brn,Dn,2,MiFish.0921.2Brn.Dn.2,6.7
MiFish,9,2021,2Brn,Dn,3,MiFish.0921.2Brn.Dn.3,10.2
MiFish,9,2021,2Brn,Up,1,MiFish.0921.2Brn.Up.1,2.37
MiFish,9,2021,2Brn,Up,2,MiFish.0921.2Brn.Up.2,2.01
MiFish,9,2021,2Brn,Up,3,MiFish.0921.2Brn.Up.3,1.91
MiFish,9,2021,3Chk,Dn,1,MiFish.0921.3Chk.Dn.1,7.96
MiFish,9,2021,3Chk,Dn,2,MiFish.0921.3Chk.Dn.2,9.62
MiFish,9,2021,3Chk,Dn,3,MiFish.0921.3Chk.Dn.3,9.75
MiFish,9,2021,3Chk,Up,1,MiFish.0921.3Chk.Up.1,12.5
MiFish,9,2021,3Chk,Up,2,MiFish.0921.3Chk.Up.2,15.2
MiFish,9,2021,3Chk,Up,3,MiFish.0921.3Chk.Up.3,11.9
MiFish,9,2021,4Pad,Dn,1,MiFish.0921.4Pad.Dn.1,8.13
MiFish,9,2021,4Pad,Dn,2,MiFish.0921.4Pad.Dn.2,9.48
MiFish,9,2021,4Pad,Dn,3,MiFish.0921.4Pad.Dn.3,11.5
MiFish,9,2021,4Pad,Up11,1,MiFish.0921.4Pad.Up11.1,0.44
MiFish,9,2021,4Pad,Up11,2,MiFish.0921.4Pad.Up11.2,9.04
MiFish,9,2021,4Pad,Up11,3,MiFish.0921.4Pad.Up11.3,1.67
MiFish,9,2021,4Pad,Up11,3.TR2,MiFish.0921.4Pad.Up11.3.TR2,1.54
MiFish,9,2021,4Pad,Up11,3.TR3,MiFish.0921.4Pad.Up11.3.TR3,0.862
MiFish,9,2021,4Pad,Up5,1,MiFish.0921.4Pad.Up5.1,1.45
MiFish,9,2021,4Pad,Up5,2,MiFish.0921.4Pad.Up5.2,1.5
MiFish,9,2021,4Pad,Up5,3,MiFish.0921.4Pad.Up5.3,0.547
MiFish,9,2021,5Sqm,Dn,1,MiFish.0921.5Sqm.Dn.1,0.723
MiFish,9,2021,5Sqm,Dn,2,MiFish.0921.5Sqm.Dn.2,1.23
MiFish,9,2021,5Sqm,Dn,3,MiFish.0921.5Sqm.Dn.3,0.878
MiFish,9,2021,Kangaroo,,,MiFish.0921.Kangaroo,
COI,9,2021,1Prt,Dn,1,COI.0921.1Prt.Dn.1,0.55
COI,9,2021,1Prt,Dn,2,COI.0921.1Prt.Dn.2,12.6
COI,9,2021,1Prt,Dn,3,COI.0921.1Prt.Dn.3,8.7
COI,9,2021,1Prt,Up,1,COI.0921.1Prt.Up.1,7.57
COI,9,2021,1Prt,Up,2,COI.0921.1Prt.Up.2,8.54
COI,9,2021,1Prt,Up,3,COI.0921.1Prt.Up.3,3.72
COI,9,2021,2Brn,Dn,1,COI.0921.2Brn.Dn.1,11.1
COI,9,2021,2Brn,Dn,2,COI.0921.2Brn.Dn.2,9.33
COI,9,2021,2Brn,Dn,3,COI.0921.2Brn.Dn.3,5.29
COI,9,2021,2Brn,Up,1,COI.0921.2Brn.Up.1,5.69
COI,9,2021,2Brn,Up,2,COI.0921.2Brn.Up.2,5.61
COI,9,2021,2Brn,Up,3,COI.0921.2Brn.Up.3,10.4
COI,9,2021,3Chk,Dn,1,COI.0921.3Chk.Dn.1,10.4
COI,9,2021,3Chk,Dn,2,COI.0921.3Chk.Dn.2,10.2
COI,9,2021,3Chk,Dn,3,COI.0921.3Chk.Dn.3,9.58
COI,9,2021,3Chk,Up,1,COI.0921.3Chk.Up.1,10
COI,9,2021,3Chk,Up,2,COI.0921.3Chk.Up.2,5.98
COI,9,2021,3Chk,Up,3,COI.0921.3Chk.Up.3,3.77
COI,9,2021,4Pad,Dn,1,COI.0921.4Pad.Dn.1,9.62
COI,9,2021,4Pad,Dn,2,COI.0921.4Pad.Dn.2,6.96
COI,9,2021,4Pad,Dn,3,COI.0921.4Pad.Dn.3,6.01
COI,9,2021,4Pad,Up11,1,COI.0921.4Pad.Up11.1,0.974
COI,9,2021,4Pad,Up11,1.TR2,COI.0921.4Pad.Up11.1.TR2,1.72
COI,9,2021,4Pad,Up11,1.TR3,COI.0921.4Pad.Up11.1.TR3,2.4
COI,9,2021,4Pad,Up11,2,COI.0921.4Pad.Up11.2,7.8
COI,9,2021,4Pad,Up11,3,COI.0921.4Pad.Up11.3,0.38
COI,9,2021,4Pad,Up5,1,COI.0921.4Pad.Up5.1,8.66
COI,9,2021,4Pad,Up5,2,COI.0921.4Pad.Up5.2,9.27
COI,9,2021,4Pad,Up5,3,COI.0921.4Pad.Up5.3,11.7
COI,9,2021,5Sqm,Dn,1,COI.0921.5Sqm.Dn.1,20.4
COI,9,2021,5Sqm,Dn,2,COI.0921.5Sqm.Dn.2,10.7
COI,9,2021,5Sqm,Dn,3,COI.0921.5Sqm.Dn.3,10.8
COI,9,2021,Kangaroo,,,COI.0921.Kangaroo,
MiFish,10,2021,1Prt,Dn,1,MiFish.1021.1Prt.Dn.1,2.09
MiFish,10,2021,1Prt,Dn,2,MiFish.1021.1Prt.Dn.2,0.793
MiFish,10,2021,1Prt,Dn,3,MiFish.1021.1Prt.Dn.3,2.77
MiFish,10,2021,1Prt,Up,1,MiFish.1021.1Prt.Up.1,1.3
MiFish,10,2021,1Prt,Up,2,MiFish.1021.1Prt.Up.2,0.55
MiFish,10,2021,1Prt,Up,3,MiFish.1021.1Prt.Up.3,0.511
MiFish,10,2021,2Brn,Dn,1,MiFish.1021.2Brn.Dn.1,1.5
MiFish,10,2021,2Brn,Dn,2,MiFish.1021.2Brn.Dn.2,5.54
MiFish,10,2021,2Brn,Dn,3,MiFish.1021.2Brn.Dn.3,5.44
MiFish,10,2021,2Brn,Up,1,MiFish.1021.2Brn.Up.1,4.11
MiFish,10,2021,2Brn,Up,2,MiFish.1021.2Brn.Up.2,3.92
MiFish,10,2021,2Brn,Up,3,MiFish.1021.2Brn.Up.3,3.48
MiFish,10,2021,3Chk,Dn,1,MiFish.1021.3Chk.Dn.1,9.38
MiFish,10,2021,3Chk,Dn,2,MiFish.1021.3Chk.Dn.2,7.44
MiFish,10,2021,3Chk,Dn,3,MiFish.1021.3Chk.Dn.3,5.9
MiFish,10,2021,3Chk,Dn,3.TR2,MiFish.1021.3Chk.Dn.3.TR2,2.7
MiFish,10,2021,3Chk,Dn,3.TR3,MiFish.1021.3Chk.Dn.3.TR3,1.64
MiFish,10,2021,3Chk,Up,1,MiFish.1021.3Chk.Up.1,3.88
MiFish,10,2021,3Chk,Up,2,MiFish.1021.3Chk.Up.2,2.68
MiFish,10,2021,3Chk,Up,3,MiFish.1021.3Chk.Up.3,2.23
MiFish,10,2021,4Pad,Dn,1,MiFish.1021.4Pad.Dn.1,0.38
MiFish,10,2021,4Pad,Dn,2,MiFish.1021.4Pad.Dn.2,1.02
MiFish,10,2021,4Pad,Dn,3,MiFish.1021.4Pad.Dn.3,0.678
MiFish,10,2021,4Pad,Up11,1,MiFish.1021.4Pad.Up11.1,1.38
MiFish,10,2021,4Pad,Up11,2,MiFish.1021.4Pad.Up11.2,1.63
MiFish,10,2021,4Pad,Up11,3,MiFish.1021.4Pad.Up11.3,0.456
MiFish,10,2021,4Pad,Up5,1,MiFish.1021.4Pad.Up5.1,0.625
MiFish,10,2021,4Pad,Up5,2,MiFish.1021.4Pad.Up5.2,0.605
MiFish,10,2021,4Pad,Up5,3,MiFish.1021.4Pad.Up5.3,0.176
MiFish,10,2021,5Sqm,Dn,1,MiFish.1021.5Sqm.Dn.1,1.27
MiFish,10,2021,5Sqm,Dn,2,MiFish.1021.5Sqm.Dn.2,0.875
MiFish,10,2021,5Sqm,Dn,3,MiFish.1021.5Sqm.Dn.3,1.21
MiFish,10,2021,5Sqm,Up,1,MiFish.1021.5Sqm.Up.1,3.56
MiFish,10,2021,5Sqm,Up,2,MiFish.1021.5Sqm.Up.2,6.92
MiFish,10,2021,5Sqm,Up,3,MiFish.1021.5Sqm.Up.3,5.63
MiFish,10,2021,Kangaroo,,,MiFish.1021.Kangaroo,16.5
COI,10,2021,1Prt,Dn,1,COI.1021.1Prt.Dn.1,2.98
COI,10,2021,1Prt,Dn,2,COI.1021.1Prt.Dn.2,3.98
COI,10,2021,1Prt,Dn,3,COI.1021.1Prt.Dn.3,3.16
COI,10,2021,1Prt,Up,1,COI.1021.1Prt.Up.1,2.18
COI,10,2021,1Prt,Up,2,COI.1021.1Prt.Up.2,2.27
COI,10,2021,1Prt,Up,3,COI.1021.1Prt.Up.3,5.49
COI,10,2021,2Brn,Dn,1,COI.1021.2Brn.Dn.1,5.13
COI,10,2021,2Brn,Dn,2,COI.1021.2Brn.Dn.2,3.05
COI,10,2021,2Brn,Dn,3,COI.1021.2Brn.Dn.3,7.86
COI,10,2021,2Brn,Up,1,COI.1021.2Brn.Up.1,7.72
COI,10,2021,2Brn,Up,2,COI.1021.2Brn.Up.2,11.6
COI,10,2021,2Brn,Up,3,COI.1021.2Brn.Up.3,12.1
COI,10,2021,3Chk,Dn,1,COI.1021.3Chk.Dn.1,12.6
COI,10,2021,3Chk,Dn,2,COI.1021.3Chk.Dn.2,15.9
COI,10,2021,3Chk,Dn,3,COI.1021.3Chk.Dn.3,18.3
COI,10,2021,3Chk,Up,1,COI.1021.3Chk.Up.1,12.2
COI,10,2021,3Chk,Up,2,COI.1021.3Chk.Up.2,7.3
COI,10,2021,3Chk,Up,2.TR2,COI.1021.3Chk.Up.2.TR2,16
COI,10,2021,3Chk,Up,2.TR3,COI.1021.3Chk.Up.2.TR3,13.2
COI,10,2021,3Chk,Up,3,COI.1021.3Chk.Up.3,7.04
COI,10,2021,4Pad,Dn,1,COI.1021.4Pad.Dn.1,4.23
COI,10,2021,4Pad,Dn,2,COI.1021.4Pad.Dn.2,5.82
COI,10,2021,4Pad,Dn,3,COI.1021.4Pad.Dn.3,5.63
COI,10,2021,4Pad,Up11,1,COI.1021.4Pad.Up11.1,8.58
COI,10,2021,4Pad,Up11,2,COI.1021.4Pad.Up11.2,6.13
COI,10,2021,4Pad,Up11,3,COI.1021.4Pad.Up11.3,7.95
COI,10,2021,4Pad,Up5,1,COI.1021.4Pad.Up5.1,7.2
COI,10,2021,4Pad,Up5,2,COI.1021.4Pad.Up5.2,13
COI,10,2021,4Pad,Up5,3,COI.1021.4Pad.Up5.3,5.17
COI,10,2021,5Sqm,Dn,1,COI.1021.5Sqm.Dn.1,6.44
COI,10,2021,5Sqm,Dn,2,COI.1021.5Sqm.Dn.2,6.63
COI,10,2021,5Sqm,Dn,3,COI.1021.5Sqm.Dn.3,7.82
COI,10,2021,5Sqm,Up,1,COI.1021.5Sqm.Up.1,6.66
COI,10,2021,5Sqm,Up,2,COI.1021.5Sqm.Up.2,10.5
COI,10,2021,5Sqm,Up,3,COI.1021.5Sqm.Up.3,15.7
COI,10,2021,Kangaroo,,,COI.1021.Kangaroo,33.9
MiFish,11,2021,1Prt,Dn,1,MiFish.1121.1Prt.Dn.1,3
MiFish,11,2021,1Prt,Dn,2,MiFish.1121.1Prt.Dn.2,3.68
MiFish,11,2021,1Prt,Dn,3,MiFish.1121.1Prt.Dn.3,2.82
MiFish,11,2021,1Prt,Up,1,MiFish.1121.1Prt.Up.1,3.56
MiFish,11,2021,1Prt,Up,2,MiFish.1121.1Prt.Up.2,2.27
MiFish,11,2021,1Prt,Up,3,MiFish.1121.1Prt.Up.3,2.37
MiFish,11,2021,2Brn,Dn,1,MiFish.1121.2Brn.Dn.1,1.38
MiFish,11,2021,2Brn,Dn,2,MiFish.1121.2Brn.Dn.2,1.81
MiFish,11,2021,2Brn,Dn,3,MiFish.1121.2Brn.Dn.3,0.781
MiFish,11,2021,2Brn,Up,1,MiFish.1121.2Brn.Up.1,0.947
MiFish,11,2021,2Brn,Up,2,MiFish.1121.2Brn.Up.2,4.1
MiFish,11,2021,2Brn,Up,3,MiFish.1121.2Brn.Up.3,0.575
MiFish,11,2021,3Chk,Dn,1,MiFish.1121.3Chk.Dn.1,1.74
MiFish,11,2021,3Chk,Dn,2,MiFish.1121.3Chk.Dn.2,0.411
MiFish,11,2021,3Chk,Dn,3,MiFish.1121.3Chk.Dn.3,1.33
MiFish,11,2021,3Chk,Up,1,MiFish.1121.3Chk.Up.1,1.23
MiFish,11,2021,3Chk,Up,2,MiFish.1121.3Chk.Up.2,0.465
MiFish,11,2021,3Chk,Up,3,MiFish.1121.3Chk.Up.3,0.624
MiFish,11,2021,4Pad,Dn,1,MiFish.1121.4Pad.Dn.1,1.19
MiFish,11,2021,4Pad,Dn,2,MiFish.1121.4Pad.Dn.2,0.516
MiFish,11,2021,4Pad,Dn,3,MiFish.1121.4Pad.Dn.3,0.414
MiFish,11,2021,4Pad,Up11,1,MiFish.1121.4Pad.Up11.1,2.19
MiFish,11,2021,4Pad,Up11,2,MiFish.1121.4Pad.Up11.2,2.95
MiFish,11,2021,4Pad,Up11,3,MiFish.1121.4Pad.Up11.3,1.44
MiFish,11,2021,4Pad,Up5,1,MiFish.1121.4Pad.Up5.1,1.15
MiFish,11,2021,4Pad,Up5,2,MiFish.1121.4Pad.Up5.2,2.2
MiFish,11,2021,4Pad,Up5,3,MiFish.1121.4Pad.Up5.3,2.05
MiFish,11,2021,4Pad,Up5,3.TR2,MiFish.1121.4Pad.Up5.3.TR2,2.3
MiFish,11,2021,4Pad,Up5,3.TR3,MiFish.1121.4Pad.Up5.3.TR3,2.22
MiFish,11,2021,5Sqm,Dn,1,MiFish.1121.5Sqm.Dn.1,1.56
MiFish,11,2021,5Sqm,Dn,2,MiFish.1121.5Sqm.Dn.2,1.48
MiFish,11,2021,5Sqm,Dn,3,MiFish.1121.5Sqm.Dn.3,1.68
MiFish,11,2021,5Sqm,Up,1,MiFish.1121.5Sqm.Up.1,4.64
MiFish,11,2021,5Sqm,Up,2,MiFish.1121.5Sqm.Up.2,0.799
MiFish,11,2021,5Sqm,Up,3,MiFish.1121.5Sqm.Up.3,2.95
MIFish,11,2021,Kangaroo,,,MIFish.1121.Kangaroo,31
COI,11,2021,1Prt,Dn,1,COI.1121.1Prt.Dn.1,4.43
COI,11,2021,1Prt,Dn,2,COI.1121.1Prt.Dn.2,5.32
COI,11,2021,1Prt,Dn,3,COI.1121.1Prt.Dn.3,5.86
COI,11,2021,1Prt,Up,1,COI.1121.1Prt.Up.1,3.85
COI,11,2021,1Prt,Up,1.TR2,COI.1121.1Prt.Up.1.TR2,4.95
COI,11,2021,1Prt,Up,1.TR3,COI.1121.1Prt.Up.1.TR3,7.85
COI,11,2021,1Prt,Up,2,COI.1121.1Prt.Up.2,3.79
COI,11,2021,1Prt,Up,3,COI.1121.1Prt.Up.3,5.04
COI,11,2021,2Brn,Dn,1,COI.1121.2Brn.Dn.1,7.11
COI,11,2021,2Brn,Dn,2,COI.1121.2Brn.Dn.2,6.76
COI,11,2021,2Brn,Dn,3,COI.1121.2Brn.Dn.3,10
COI,11,2021,2Brn,Up,1,COI.1121.2Brn.Up.1,6.31
COI,11,2021,2Brn,Up,2,COI.1121.2Brn.Up.2,7.98
COI,11,2021,2Brn,Up,3,COI.1121.2Brn.Up.3,6.06
COI,11,2021,3Chk,Dn,1,COI.1121.3Chk.Dn.1,6.45
COI,11,2021,3Chk,Dn,2,COI.1121.3Chk.Dn.2,9.75
COI,11,2021,3Chk,Dn,3,COI.1121.3Chk.Dn.3,10.5
COI,11,2021,3Chk,Up,1,COI.1121.3Chk.Up.1,10.6
COI,11,2021,3Chk,Up,2,COI.1121.3Chk.Up.2,6.71
COI,11,2021,3Chk,Up,3,COI.1121.3Chk.Up.3,6.32
COI,11,2021,4Pad,Dn,1,COI.1121.4Pad.Dn.1,8.01
COI,11,2021,4Pad,Dn,2,COI.1121.4Pad.Dn.2,4.72
COI,11,2021,4Pad,Dn,3,COI.1121.4Pad.Dn.3,5.08
COI,11,2021,4Pad,Up11,1,COI.1121.4Pad.Up11.1,8.83
COI,11,2021,4Pad,Up11,2,COI.1121.4Pad.Up11.2,6.68
COI,11,2021,4Pad,Up11,3,COI.1121.4Pad.Up11.3,10.8
COI,11,2021,4Pad,Up5,1,COI.1121.4Pad.Up5.1,3.9
COI,11,2021,4Pad,Up5,2,COI.1121.4Pad.Up5.2,5.23
COI,11,2021,4Pad,Up5,3,COI.1121.4Pad.Up5.3,7.14
COI,11,2021,5Sqm,Dn,1,COI.1121.5Sqm.Dn.1,7.01
COI,11,2021,5Sqm,Dn,2,COI.1121.5Sqm.Dn.2,3.84
COI,11,2021,5Sqm,Dn,3,COI.1121.5Sqm.Dn.3,7.33
COI,11,2021,5Sqm,Up,1,COI.1121.5Sqm.Up.1,9.78
COI,11,2021,5Sqm,Up,2,COI.1121.5Sqm.Up.2,7.71
COI,11,2021,5Sqm,Up,3,COI.1121.5Sqm.Up.3,6.76
COI,11,2021,Kangaroo,,,COI.1121.Kangaroo,22.3
MiFish,12,2021,1Prt,Dn,1,MiFish.1221.1Prt.Dn.1,1.89
MiFish,12,2021,1Prt,Dn,2,MiFish.1221.1Prt.Dn.2,1.6
MiFish,12,2021,1Prt,Dn,3,MiFish.1221.1Prt.Dn.3,0
MiFish,12,2021,1Prt,Up,1,MiFish.1221.1Prt.Up.1,0
MiFish,12,2021,1Prt,Up,2,MiFish.1221.1Prt.Up.2,1.46
MiFish,12,2021,1Prt,Up,3,MiFish.1221.1Prt.Up.3,1.04
MiFish,12,2021,2Brn,Dn,1,MiFish.1221.2Brn.Dn.1,0.405
MiFish,12,2021,2Brn,Dn,2,MiFish.1221.2Brn.Dn.2,0.058
MiFish,12,2021,2Brn,Dn,3,MiFish.1221.2Brn.Dn.3,0.331
MiFish,12,2021,2Brn,Up,1,MiFish.1221.2Brn.Up.1,0.687
MiFish,12,2021,2Brn,Up,2,MiFish.1221.2Brn.Up.2,0.069
MiFish,12,2021,2Brn,Up,3,MiFish.1221.2Brn.Up.3,0.314
MiFish,12,2021,2Brn,Up,3.TR2,MiFish.1221.2Brn.Up.3.TR2,0.703
MiFish,12,2021,2Brn,Up,3.TR3,MiFish.1221.2Brn.Up.3.TR3,0.779
MiFish,12,2021,3Chk,Dn,1,MiFish.1221.3Chk.Dn.1,0.181
MiFish,12,2021,3Chk,Dn,2,MiFish.1221.3Chk.Dn.2,0.979
MiFish,12,2021,3Chk,Dn,3,MiFish.1221.3Chk.Dn.3,0.51
MiFish,12,2021,3Chk,Up,1,MiFish.1221.3Chk.Up.1,0.611
MiFish,12,2021,3Chk,Up,2,MiFish.1221.3Chk.Up.2,0.135
MiFish,12,2021,3Chk,Up,3,MiFish.1221.3Chk.Up.3,0.358
MiFish,12,2021,4Pad,Dn,1,MiFish.1221.4Pad.Dn.1,0.81
MiFish,12,2021,4Pad,Dn,2,MiFish.1221.4Pad.Dn.2,0.58
MiFish,12,2021,4Pad,Dn,3,MiFish.1221.4Pad.Dn.3,0.578
MiFish,12,2021,4Pad,Up11,1,MiFish.1221.4Pad.Up11.1,2.2
MiFish,12,2021,4Pad,Up11,2,MiFish.1221.4Pad.Up11.2,3.04
MiFish,12,2021,4Pad,Up11,3,MiFish.1221.4Pad.Up11.3,2.14
MiFish,12,2021,4Pad,Up5,1,MiFish.1221.4Pad.Up5.1,2.39
MiFish,12,2021,4Pad,Up5,2,MiFish.1221.4Pad.Up5.2,1.11
MiFish,12,2021,4Pad,Up5,3,MiFish.1221.4Pad.Up5.3,2.22
MiFish,12,2021,5Sqm,Dn,1,MiFish.1221.5Sqm.Dn.1,0.991
MiFish,12,2021,5Sqm,Dn,2,MiFish.1221.5Sqm.Dn.2,0.845
MiFish,12,2021,5Sqm,Dn,3,MiFish.1221.5Sqm.Dn.3,1.64
MiFish,12,2021,5Sqm,Up,1,MiFish.1221.5Sqm.Up.1,0.974
MiFish,12,2021,5Sqm,Up,2,MiFish.1221.5Sqm.Up.2,1.59
MiFish,12,2021,5Sqm,Up,3,MiFish.1221.5Sqm.Up.3,1.16
MiFish,12,2021,Kangaroo,,,MiFish.1221.Kangaroo,21.2
COI,12,2021,1Prt,Dn,1,COI.1221.1Prt.Dn.1,6.14
COI,12,2021,1Prt,Dn,2,COI.1221.1Prt.Dn.2,6.32
COI,12,2021,1Prt,Dn,3,COI.1221.1Prt.Dn.3,6.73
COI,12,2021,1Prt,Up,1,COI.1221.1Prt.Up.1,6.47
COI,12,2021,1Prt,Up,2,COI.1221.1Prt.Up.2,6.63
COI,12,2021,1Prt,Up,3,COI.1221.1Prt.Up.3,6.66
COI,12,2021,2Brn,Dn,1,COI.1221.2Brn.Dn.1,8.73
COI,12,2021,2Brn,Dn,2,COI.1221.2Brn.Dn.2,0.272
COI,12,2021,2Brn,Dn,3,COI.1221.2Brn.Dn.3,8
COI,12,2021,2Brn,Up,1,COI.1221.2Brn.Up.1,4.79
COI,12,2021,2Brn,Up,2,COI.1221.2Brn.Up.2,4.76
COI,12,2021,2Brn,Up,3,COI.1221.2Brn.Up.3,4.01
COI,12,2021,3Chk,Dn,1,COI.1221.3Chk.Dn.1,5.3
COI,12,2021,3Chk,Dn,2,COI.1221.3Chk.Dn.2,15
COI,12,2021,3Chk,Dn,2.TR2,COI.1221.3Chk.Dn.2.TR2,9.86
COI,12,2021,3Chk,Dn,2.TR3,COI.1221.3Chk.Dn.2.TR3,13.2
COI,12,2021,3Chk,Dn,3,COI.1221.3Chk.Dn.3,24.4
COI,12,2021,3Chk,Up,1,COI.1221.3Chk.Up.1,27.9
COI,12,2021,3Chk,Up,2,COI.1221.3Chk.Up.2,9.5
COI,12,2021,3Chk,Up,3,COI.1221.3Chk.Up.3,12.2
COI,12,2021,4Pad,Dn,1,COI.1221.4Pad.Dn.1,10.9
COI,12,2021,4Pad,Dn,2,COI.1221.4Pad.Dn.2,10.7
COI,12,2021,4Pad,Dn,3,COI.1221.4Pad.Dn.3,10.8
COI,12,2021,4Pad,Up11,1,COI.1221.4Pad.Up11.1,13.2
COI,12,2021,4Pad,Up11,2,COI.1221.4Pad.Up11.2,12.4
COI,12,2021,4Pad,Up11,3,COI.1221.4Pad.Up11.3,7.86
COI,12,2021,4Pad,Up5,1,COI.1221.4Pad.Up5.1,10.6
COI,12,2021,4Pad,Up5,2,COI.1221.4Pad.Up5.2,7.85
COI,12,2021,4Pad,Up5,3,COI.1221.4Pad.Up5.3,12.1
COI,12,2021,5Sqm,Dn,1,COI.1221.5Sqm.Dn.1,5.33
COI,12,2021,5Sqm,Dn,2,COI.1221.5Sqm.Dn.2,2.68
COI,12,2021,5Sqm,Dn,3,COI.1221.5Sqm.Dn.3,8.16
COI,12,2021,5Sqm,Up,1,COI.1221.5Sqm.Up.1,5.82
COI,12,2021,5Sqm,Up,2,COI.1221.5Sqm.Up.2,11.6
COI,12,2021,5Sqm,Up,3,COI.1221.5Sqm.Up.3,5.06
COI,12,2021,Kangaroo,,,COI.1221.Kangaroo,17.8